COUNTRY CODE,AREA,ZONE,ZIP,CITY,STREET,,Land
FO,Z,1,100,T›rshavn,,,F?r?rene
FO,Z,1,110,T›rshavn,Postboks,,F?r?rene
FO,Z,1,160,Argir,,,F?r?rene
FO,Z,1,165,Argir,Postboks,,F?r?rene
FO,Z,1,175,Kirkjub?ur,,,F?r?rene
FO,Z,1,176,Velbastadur,,,F?r?rene
FO,Z,1,177,"Sydradalur, Streymoy",,,F?r?rene
FO,Z,1,178,Nordradalur,,,F?r?rene
FO,Z,1,180,Kaldbak,,,F?r?rene
FO,Z,1,185,Kaldbaksbotnur,,,F?r?rene
FO,Z,1,186,Sund,,,F?r?rene
FO,Z,1,187,Hvitanes,,,F?r?rene
FO,Z,1,188,Hoyv­k,,,F?r?rene
FO,Z,1,210,Sandur,,,F?r?rene
FO,Z,1,215,Sandur,Postboks,,F?r?rene
FO,Z,1,220,Skÿlav­k,,,F?r?rene
FO,Z,1,230,Hœsav­k,,,F?r?rene
FO,Z,1,235,Dalur,,,F?r?rene
FO,Z,1,236,Skarvanes,,,F?r?rene
FO,Z,1,240,Skopun,,,F?r?rene
FO,Z,1,260,Skœvoy,,,F?r?rene
FO,Z,1,270,N›lsoy,,,F?r?rene
FO,Z,1,280,Hestur,,,F?r?rene
FO,Z,1,285,Koltur,,,F?r?rene
FO,Z,1,286,St›ra Dimun,,,F?r?rene
FO,Z,1,330,Stykkid,,,F?r?rene
FO,Z,1,335,Leynar,,,F?r?rene
FO,Z,1,336,Sk?llingur,,,F?r?rene
FO,Z,1,340,Kv­v­k,,,F?r?rene
FO,Z,1,350,Vestmanna,,,F?r?rene
FO,Z,1,355,Vestmanna,Postboks,,F?r?rene
FO,Z,1,358,Vÿlur,,,F?r?rene
FO,Z,1,360,Sandavÿgur,,,F?r?rene
FO,Z,1,370,Midvÿgur,,,F?r?rene
FO,Z,1,375,Midvÿgur,Postboks,,F?r?rene
FO,Z,1,380,S?rvÿgur,,,F?r?rene
FO,Z,1,385,Vatnsoyrar,,,F?r?rene
FO,Z,1,386,B?ur,,,F?r?rene
FO,Z,1,387,Gÿsadalur,,,F?r?rene
FO,Z,1,388,Mykines,,,F?r?rene
FO,Z,1,400,Oyrarbakki,,,F?r?rene
FO,Z,1,405,Oyrarbakki,Postboks,,F?r?rene
FO,Z,1,410,Kollafj?rdur,,,F?r?rene
FO,Z,1,415,Oyrareingir,,,F?r?rene
FO,Z,1,416,Signab?ur,,,F?r?rene
FO,Z,1,420,H›sv­k,,,F?r?rene
FO,Z,1,430,Hvalv­k,,,F?r?rene
FO,Z,1,435,Streymnes,,,F?r?rene
FO,Z,1,436,Saksun,,,F?r?rene
FO,Z,1,437,Nesv­k,,,F?r?rene
FO,Z,1,438,Langasandur,,,F?r?rene
FO,Z,1,440,Haldarsv­k,,,F?r?rene
FO,Z,1,445,Tj?rnuv­k,,,F?r?rene
FO,Z,1,450,Oyri,,,F?r?rene
FO,Z,1,460,Nordskÿli,,,F?r?rene
FO,Z,1,465,Svinÿir,,,F?r?rene
FO,Z,1,466,Lj›sÿ,,,F?r?rene
FO,Z,1,470,Eidi,,,F?r?rene
FO,Z,1,475,Funningur,,,F?r?rene
FO,Z,1,476,Gj›gv,,,F?r?rene
FO,Z,1,477,Funningsfj?rdur,,,F?r?rene
FO,Z,1,478,Elduv­k,,,F?r?rene
FO,Z,1,480,Skÿli,,,F?r?rene
FO,Z,1,485,Skÿlafj?rdur,,,F?r?rene
FO,Z,1,490,Strendur,,,F?r?rene
FO,Z,1,494,Innan Glyvur,,,F?r?rene
FO,Z,1,495,Kolbanargj›gv,,,F?r?rene
FO,Z,1,496,Morskranes,,,F?r?rene
FO,Z,1,497,Selatrad,,,F?r?rene
FO,Z,1,510,G?ta,,,F?r?rene
FO,Z,1,511,G?tugj›gv,,,F?r?rene
FO,Z,1,512,Nordrag?ta,,,F?r?rene
FO,Z,1,513,Sydrug?ta,,,F?r?rene
FO,Z,1,515,G?ta,Postboks,,F?r?rene
FO,Z,1,520,Leirv­k,,,F?r?rene
FO,Z,1,530,Fuglafj?rdur,,,F?r?rene
FO,Z,1,535,Fuglafj?rdur,Postboks,,F?r?rene
FO,Z,1,600,Saltangarÿ,,,F?r?rene
FO,Z,1,610,Saltangarÿ,Postboks,,F?r?rene
FO,Z,1,620,Runav­k,,,F?r?rene
FO,Z,1,625,Glyvrar,,,F?r?rene
FO,Z,1,626,Lambareidi,,,F?r?rene
FO,Z,1,627,Lambi,,,F?r?rene
FO,Z,1,640,Rituv­k,,,F?r?rene
FO,Z,1,645,?duv­k,,,F?r?rene
FO,Z,1,650,Toftir,,,F?r?rene
FO,Z,1,655,"Nes, Eysturoy",,,F?r?rene
FO,Z,1,656,Saltnes,,,F?r?rene
FO,Z,1,660,S?ldarfj?rdur,,,F?r?rene
FO,Z,1,665,Skipanes,,,F?r?rene
FO,Z,1,666,G?tueidi,,,F?r?rene
FO,Z,1,690,Oyndarfj?rdur,,,F?r?rene
FO,Z,1,695,Hellur,,,F?r?rene
FO,Z,1,700,Klaksv­k,,,F?r?rene
FO,Z,1,710,Klaksv­k,Postboks,,F?r?rene
FO,Z,1,725,Nordoyri,,,F?r?rene
FO,Z,1,726,?nir,,,F?r?rene
FO,Z,1,727,?rnafj?rdur,,,F?r?rene
FO,Z,1,730,Norddepil,,,F?r?rene
FO,Z,1,735,Depil,,,F?r?rene
FO,Z,1,736,Nordtoftir,,,F?r?rene
FO,Z,1,737,Mœli,,,F?r?rene
FO,Z,1,740,Hvannasund,,,F?r?rene
FO,Z,1,750,Vidareidi,,,F?r?rene
FO,Z,1,765,Svinoy,,,F?r?rene
FO,Z,1,766,Kirkja,,,F?r?rene
FO,Z,1,767,Hattarv­k,,,F?r?rene
FO,Z,1,780,Kunoy,,,F?r?rene
FO,Z,1,785,Haraldssund,,,F?r?rene
FO,Z,1,795,"Sydradalur, Kalsoy",,,F?r?rene
FO,Z,1,796,Hœsar,,,F?r?rene
FO,Z,1,797,Mikladalur,,,F?r?rene
FO,Z,1,798,Tr?llanes,,,F?r?rene
FO,Z,1,800,Tv?royri,,,F?r?rene
FO,Z,1,810,Tv?royri,Postboks,,F?r?rene
FO,Z,1,825,Frodba,,,F?r?rene
FO,Z,1,826,Trongisvÿgur,,,F?r?rene
FO,Z,1,827,?rav­k,,,F?r?rene
FO,Z,1,850,Hvalba,,,F?r?rene
FO,Z,1,860,Sandv­k,,,F?r?rene
FO,Z,1,870,Fÿmjin,,,F?r?rene
FO,Z,1,900,Vÿgur,,,F?r?rene
FO,Z,1,910,Vÿgur,Postboks,,F?r?rene
FO,Z,1,925,"Nes, Vÿgur",,,F?r?rene
FO,Z,1,926,Lopra,,,F?r?rene
FO,Z,1,927,Akrar,,,F?r?rene
FO,Z,1,928,Vikarbyrgi,,,F?r?rene
FO,Z,1,950,Porkeri,,,F?r?rene
FO,Z,1,960,Hov,,,F?r?rene
FO,Z,1,970,Sumba,,,F?r?rene
DK,A,1,1000,K?benhavn K, K?bmagergade 33,K?bmagergade Postkontor,Danmark K?benhavn
DK,A,1,1001,K?benhavn K,Postboks,,Danmark K?benhavn
DK,A,1,1002,K?benhavn K,Postboks,,Danmark K?benhavn
DK,A,1,1003,K?benhavn K,Postboks,,Danmark K?benhavn
DK,A,1,1004,K?benhavn K,Postboks,,Danmark K?benhavn
DK,A,1,1005,K?benhavn K,Postboks,,Danmark K?benhavn
DK,A,1,1006,K?benhavn K,Postboks,,Danmark K?benhavn
DK,A,1,1007,K?benhavn K,Postboks,,Danmark K?benhavn
DK,A,1,1008,K?benhavn K,Postboks,,Danmark K?benhavn
DK,A,1,1009,K?benhavn K,Postboks,,Danmark K?benhavn
DK,A,1,1010,K?benhavn K,Postboks,,Danmark K?benhavn
DK,A,1,1011,K?benhavn K,Postboks,,Danmark K?benhavn
DK,A,1,1012,K?benhavn K,Postboks,,Danmark K?benhavn
DK,A,1,1013,K?benhavn K,Postboks,,Danmark K?benhavn
DK,A,1,1014,K?benhavn K,Postboks,,Danmark K?benhavn
DK,A,1,1015,K?benhavn K,Postboks,,Danmark K?benhavn
DK,A,1,1016,K?benhavn K,Postboks,,Danmark K?benhavn
DK,A,1,1017,K?benhavn K,Postboks,,Danmark K?benhavn
DK,A,1,1018,K?benhavn K,Postboks,,Danmark K?benhavn
DK,A,1,1019,K?benhavn K,Postboks,,Danmark K?benhavn
DK,A,1,1020,K?benhavn K,Postboks,,Danmark K?benhavn
DK,A,1,1021,K?benhavn K,Postboks,,Danmark K?benhavn
DK,A,1,1022,K?benhavn K,Postboks,,Danmark K?benhavn
DK,A,1,1023,K?benhavn K,Postboks,,Danmark K?benhavn
DK,A,1,1024,K?benhavn K,Postboks,,Danmark K?benhavn
DK,A,1,1025,K?benhavn K,Postboks,,Danmark K?benhavn
DK,A,1,1026,K?benhavn K,Postboks,,Danmark K?benhavn
DK,A,1,1045,K?benhavn K,Ufrankerede svarforsendelser,,Danmark K?benhavn
DK,A,1,1050,K?benhavn K,Kongens Nytorv,,Danmark K?benhavn
DK,A,1,1051,K?benhavn K,Nyhavn,,Danmark K?benhavn
DK,A,1,1052,K?benhavn K,Herluf Trolles Gade,,Danmark K?benhavn
DK,A,1,1053,K?benhavn K,Cort Adelers Gade,,Danmark K?benhavn
DK,A,1,1054,K?benhavn K,Peder Skrams Gade,,Danmark K?benhavn
DK,A,1,1055,K?benhavn K,Tordenskjoldsgade,,Danmark K?benhavn
DK,A,1,1055,K?benhavn K,August Bournonvilles Passage,,Danmark K?benhavn
DK,A,1,1056,K?benhavn K,Heibergsgade,,Danmark K?benhavn
DK,A,1,1057,K?benhavn K,Holbergsgade,,Danmark K?benhavn
DK,A,1,1058,K?benhavn K,Havnegade,,Danmark K?benhavn
DK,A,1,1059,K?benhavn K,Niels Juels Gade,,Danmark K?benhavn
DK,A,1,1060,K?benhavn K,Holmens Kanal,,Danmark K?benhavn
DK,A,1,1061,K?benhavn K,Ved Stranden,,Danmark K?benhavn
DK,A,1,1062,K?benhavn K,Boldhusgade,,Danmark K?benhavn
DK,A,1,1063,K?benhavn K,Laksegade,,Danmark K?benhavn
DK,A,1,1064,K?benhavn K,Asylgade,,Danmark K?benhavn
DK,A,1,1065,K?benhavn K,Fortunstr?de,,Danmark K?benhavn
DK,A,1,1066,K?benhavn K,Admiralgade,,Danmark K?benhavn
DK,A,1,1067,K?benhavn K,Nikolaj Plads,,Danmark K?benhavn
DK,A,1,1068,K?benhavn K,Nikolajgade,,Danmark K?benhavn
DK,A,1,1069,K?benhavn K,Bremerholm,,Danmark K?benhavn
DK,A,1,1070,K?benhavn K,Ving?rdstr?de,,Danmark K?benhavn
DK,A,1,1071,K?benhavn K,Dybensgade,,Danmark K?benhavn
DK,A,1,1072,K?benhavn K,Lille Kirkestr?de,,Danmark K?benhavn
DK,A,1,1073,K?benhavn K,Store Kirkestr?de,,Danmark K?benhavn
DK,A,1,1074,K?benhavn K,Lille Kongensgade,,Danmark K?benhavn
DK,A,1,1092,K?benhavn K, Holmens Kanal 2-12,Danske Bank A/S,Danmark K?benhavn
DK,A,1,1093,K?benhavn K, Havnegade 5,Danmarks Nationalbank,Danmark K?benhavn
DK,A,1,1095,K?benhavn K, Kongens Nytorv 13,Magasin du Nord,Danmark K?benhavn
DK,A,1,1098,K?benhavn K, Esplanaden 50,A.P. M?ller,Danmark K?benhavn
DK,A,1,1100,K?benhavn K,?stergade,,Danmark K?benhavn
DK,A,1,1101,K?benhavn K,Ny ?stergade,,Danmark K?benhavn
DK,A,1,1102,K?benhavn K,Pistolstr?de,,Danmark K?benhavn
DK,A,1,1103,K?benhavn K,Hovedvagtsgade,,Danmark K?benhavn
DK,A,1,1104,K?benhavn K,Ny Adelgade,,Danmark K?benhavn
DK,A,1,1105,K?benhavn K,Kristen Bernikows Gade,,Danmark K?benhavn
DK,A,1,1106,K?benhavn K,Antonigade,,Danmark K?benhavn
DK,A,1,1107,K?benhavn K,Gr?nnegade,,Danmark K?benhavn
DK,A,1,1110,K?benhavn K,Store Regnegade,,Danmark K?benhavn
DK,A,1,1111,K?benhavn K,Christian IX's Gade,,Danmark K?benhavn
DK,A,1,1112,K?benhavn K,Pilestr?de,,Danmark K?benhavn
DK,A,1,1113,K?benhavn K,Silkegade,,Danmark K?benhavn
DK,A,1,1114,K?benhavn K,Kronprinsensgade,,Danmark K?benhavn
DK,A,1,1115,K?benhavn K,Klareboderne,,Danmark K?benhavn
DK,A,1,1116,K?benhavn K,M?ntergade,,Danmark K?benhavn
DK,A,1,1117,K?benhavn K,Gammel M?nt,,Danmark K?benhavn
DK,A,1,1118,K?benhavn K,Sv?rtegade,,Danmark K?benhavn
DK,A,1,1119,K?benhavn K,Landem?rket,,Danmark K?benhavn
DK,A,1,1120,K?benhavn K,Vognmagergade,,Danmark K?benhavn
DK,A,1,1121,K?benhavn K,L?nporten,,Danmark K?benhavn
DK,A,1,1122,K?benhavn K,Sj?leboderne,,Danmark K?benhavn
DK,A,1,1123,K?benhavn K,Gothersgade,,Danmark K?benhavn
DK,A,1,1124,K?benhavn K,benr?,,Danmark K?benhavn
DK,A,1,1125,K?benhavn K,Suhmsgade,,Danmark K?benhavn
DK,A,1,1126,K?benhavn K,Pustervig,,Danmark K?benhavn
DK,A,1,1127,K?benhavn K,Hauser Plads,,Danmark K?benhavn
DK,A,1,1128,K?benhavn K,Hausergade,,Danmark K?benhavn
DK,A,1,1129,K?benhavn K,Sankt Gertruds Str?de,,Danmark K?benhavn
DK,A,1,1130,K?benhavn K,Rosenborggade,,Danmark K?benhavn
DK,A,1,1131,K?benhavn K,Tornebuskegade,,Danmark K?benhavn
DK,A,1,1140,K?benhavn K, M?ntergade 19,Forlaget B?rsen,Danmark K?benhavn
DK,A,1,1147,K?benhavn K, Pilestr?de 34,Berlingske Tidende,Danmark K?benhavn
DK,A,1,1148,K?benhavn K, Vognmagergade 11,Gutenberghus,Danmark K?benhavn
DK,A,1,1150,K?benhavn K,K?bmagergade,,Danmark K?benhavn
DK,A,1,1151,K?benhavn K,Valkendorfsgade,,Danmark K?benhavn
DK,A,1,1152,K?benhavn K,L?vstr?de,,Danmark K?benhavn
DK,A,1,1153,K?benhavn K,Niels Hemmingsens Gade,,Danmark K?benhavn
DK,A,1,1154,K?benhavn K,Gr?br?dretorv,,Danmark K?benhavn
DK,A,1,1155,K?benhavn K,Kejsergade,,Danmark K?benhavn
DK,A,1,1156,K?benhavn K,Gr?br?drestr?de,,Danmark K?benhavn
DK,A,1,1157,K?benhavn K,Klosterstr?de,,Danmark K?benhavn
DK,A,1,1158,K?benhavn K,Skoubogade,,Danmark K?benhavn
DK,A,1,1159,K?benhavn K,Skindergade,,Danmark K?benhavn
DK,A,1,1160,K?benhavn K,Amagertorv,,Danmark K?benhavn
DK,A,1,1161,K?benhavn K,Vimmelskaftet,,Danmark K?benhavn
DK,A,1,1162,K?benhavn K,Jorcks Passage,,Danmark K?benhavn
DK,A,1,1163,K?benhavn K,Klosterg?rden,,Danmark K?benhavn
DK,A,1,1164,K?benhavn K,Nygade,,Danmark K?benhavn
DK,A,1,1165,K?benhavn K,N?rregade,,Danmark K?benhavn
DK,A,1,1165,K?benhavn K,Sankt Petri Passage,,Danmark K?benhavn
DK,A,1,1166,K?benhavn K,Dyrk?b,,Danmark K?benhavn
DK,A,1,1167,K?benhavn K,Bispetorvet,,Danmark K?benhavn
DK,A,1,1168,K?benhavn K,Frue Plads,,Danmark K?benhavn
DK,A,1,1169,K?benhavn K,Store Kannikestr?de,,Danmark K?benhavn
DK,A,1,1170,K?benhavn K,Lille Kannikestr?de,,Danmark K?benhavn
DK,A,1,1171,K?benhavn K,Fiolstr?de,,Danmark K?benhavn
DK,A,1,1172,K?benhavn K,Krystalgade,,Danmark K?benhavn
DK,A,1,1173,K?benhavn K,Peder Hvitfeldts Str?de,,Danmark K?benhavn
DK,A,1,1174,K?benhavn K,Roseng?rden,,Danmark K?benhavn
DK,A,1,1175,K?benhavn K,Kultorvet,,Danmark K?benhavn
DK,A,1,1200,K?benhavn K,H?jbro Plads,,Danmark K?benhavn
DK,A,1,1201,K?benhavn K,L?derstr?de,,Danmark K?benhavn
DK,A,1,1202,K?benhavn K,Gammel Strand,,Danmark K?benhavn
DK,A,1,1203,K?benhavn K,Nybrogade,,Danmark K?benhavn
DK,A,1,1204,K?benhavn K,Magstr?de,,Danmark K?benhavn
DK,A,1,1205,K?benhavn K,Snaregade,,Danmark K?benhavn
DK,A,1,1206,K?benhavn K,Nabol?s,,Danmark K?benhavn
DK,A,1,1207,K?benhavn K,Hyskenstr?de,,Danmark K?benhavn
DK,A,1,1208,K?benhavn K,Kompagnistr?de,,Danmark K?benhavn
DK,A,1,1209,K?benhavn K,Badstuestr?de,,Danmark K?benhavn
DK,A,1,1210,K?benhavn K,Knabrostr?de,,Danmark K?benhavn
DK,A,1,1211,K?benhavn K,Brol?ggerstr?de,,Danmark K?benhavn
DK,A,1,1212,K?benhavn K,Vindebrogade,,Danmark K?benhavn
DK,A,1,1213,K?benhavn K,Bertel Thorvaldsens Plads,,Danmark K?benhavn
DK,A,1,1214,K?benhavn K,T?jhusgade,,Danmark K?benhavn
DK,A,1,1215,K?benhavn K,B?rsgade,,Danmark K?benhavn
DK,A,1,1216,K?benhavn K,Slotsholmsgade,,Danmark K?benhavn
DK,A,1,1217,K?benhavn K,B?rsen,,Danmark K?benhavn
DK,A,1,1218,K?benhavn K,Christiansborg,,Danmark K?benhavn
DK,A,1,1218,K?benhavn K,Christiansborg Ridebane,,Danmark K?benhavn
DK,A,1,1218,K?benhavn K,Christiansborg Slotsplads,,Danmark K?benhavn
DK,A,1,1218,K?benhavn K,Prins J?rgens G?rd,,Danmark K?benhavn
DK,A,1,1218,K?benhavn K,Proviantpassagen,,Danmark K?benhavn
DK,A,1,1218,K?benhavn K,Rigsdagsg?rden,,Danmark K?benhavn
DK,A,1,1219,K?benhavn K,Christians Brygge ulige nr. + 2-22,,Danmark K?benhavn
DK,A,1,1220,K?benhavn K,Frederiksholms Kanal,,Danmark K?benhavn
DK,A,1,1221,K?benhavn K,S?ren Kierkegaards Plads,,Danmark K?benhavn
DK,A,1,1240,K?benhavn K, Christiansborg,Folketinget,Danmark K?benhavn
DK,A,1,1250,K?benhavn K,Sankt Ann? Plads,,Danmark K?benhavn
DK,A,1,1251,K?benhavn K,Kv?sthusgade,,Danmark K?benhavn
DK,A,1,1253,K?benhavn K,Toldbodgade,,Danmark K?benhavn
DK,A,1,1254,K?benhavn K,Lille Strandstr?de,,Danmark K?benhavn
DK,A,1,1255,K?benhavn K,Store Strandstr?de,,Danmark K?benhavn
DK,A,1,1256,K?benhavn K,Amaliegade,,Danmark K?benhavn
DK,A,1,1257,K?benhavn K,Amalienborg,,Danmark K?benhavn
DK,A,1,1259,K?benhavn K,Trekroner,,Danmark K?benhavn
DK,A,1,1259,K?benhavn K,Nordre Toldbod,,Danmark K?benhavn
DK,A,1,1260,K?benhavn K,Bredgade,,Danmark K?benhavn
DK,A,1,1261,K?benhavn K,Pal?gade,,Danmark K?benhavn
DK,A,1,1263,K?benhavn K,Esplanaden,,Danmark K?benhavn
DK,A,1,1263,K?benhavn K,Churchillparken,,Danmark K?benhavn
DK,A,1,1264,K?benhavn K,Store Kongensgade,,Danmark K?benhavn
DK,A,1,1265,K?benhavn K,Frederiksgade,,Danmark K?benhavn
DK,A,1,1266,K?benhavn K,Bornholmsgade,,Danmark K?benhavn
DK,A,1,1267,K?benhavn K,Hammerensgade,,Danmark K?benhavn
DK,A,1,1268,K?benhavn K,Jens Kofods Gade,,Danmark K?benhavn
DK,A,1,1270,K?benhavn K,Gr?nningen,,Danmark K?benhavn
DK,A,1,1271,K?benhavn K,Poul Ankers Gade,,Danmark K?benhavn
DK,A,1,1300,K?benhavn K,Borgergade,,Danmark K?benhavn
DK,A,1,1301,K?benhavn K,Landgreven,,Danmark K?benhavn
DK,A,1,1302,K?benhavn K,Dronningens Tv?rgade,,Danmark K?benhavn
DK,A,1,1303,K?benhavn K,Hindegade,,Danmark K?benhavn
DK,A,1,1304,K?benhavn K,Adelgade,,Danmark K?benhavn
DK,A,1,1306,K?benhavn K,Kronprinsessegade,,Danmark K?benhavn
DK,A,1,1307,K?benhavn K,Georg Brandes Plads,,Danmark K?benhavn
DK,A,1,1307,K?benhavn K,S?lvgade,,Danmark K?benhavn
DK,A,1,1308,K?benhavn K,Klerkegade,,Danmark K?benhavn
DK,A,1,1309,K?benhavn K,Rosengade,,Danmark K?benhavn
DK,A,1,1310,K?benhavn K,Fredericiagade,,Danmark K?benhavn
DK,A,1,1311,K?benhavn K,Olfert Fischers Gade,,Danmark K?benhavn
DK,A,1,1312,K?benhavn K,Gammelvagt,,Danmark K?benhavn
DK,A,1,1313,K?benhavn K,Sankt Pauls Gade,,Danmark K?benhavn
DK,A,1,1314,K?benhavn K,Sankt Pauls Plads,,Danmark K?benhavn
DK,A,1,1315,K?benhavn K,R?vegade,,Danmark K?benhavn
DK,A,1,1316,K?benhavn K,Rigensgade,,Danmark K?benhavn
DK,A,1,1317,K?benhavn K,Stokhusgade,,Danmark K?benhavn
DK,A,1,1318,K?benhavn K,Krusemyntegade,,Danmark K?benhavn
DK,A,1,1319,K?benhavn K,Gernersgade,,Danmark K?benhavn
DK,A,1,1320,K?benhavn K,Haregade,,Danmark K?benhavn
DK,A,1,1321,K?benhavn K,Tigergade,,Danmark K?benhavn
DK,A,1,1322,K?benhavn K,Suensonsgade,,Danmark K?benhavn
DK,A,1,1323,K?benhavn K,Hjertensfrydsgade,,Danmark K?benhavn
DK,A,1,1324,K?benhavn K,Elsdyrsgade,,Danmark K?benhavn
DK,A,1,1325,K?benhavn K,Delfingade,,Danmark K?benhavn
DK,A,1,1326,K?benhavn K,Krokodillegade,,Danmark K?benhavn
DK,A,1,1327,K?benhavn K,Vildandegade,,Danmark K?benhavn
DK,A,1,1328,K?benhavn K,Svanegade,,Danmark K?benhavn
DK,A,1,1329,K?benhavn K,Timiansgade,,Danmark K?benhavn
DK,A,1,1350,K?benhavn K,?ster Voldgade,,Danmark K?benhavn
DK,A,1,1352,K?benhavn K,R?rholmsgade,,Danmark K?benhavn
DK,A,1,1353,K?benhavn K,?ster Farimagsgade 3-15 + 2,,Danmark K?benhavn
DK,A,1,1354,K?benhavn K,Ole Suhrs Gade,,Danmark K?benhavn
DK,A,1,1355,K?benhavn K,Gammeltoftsgade,,Danmark K?benhavn
DK,A,1,1356,K?benhavn K,Bartholinsgade,,Danmark K?benhavn
DK,A,1,1357,K?benhavn K,?ster S?gade 8 - 36,,Danmark K?benhavn
DK,A,1,1358,K?benhavn K,N?rre Voldgade,,Danmark K?benhavn
DK,A,1,1359,K?benhavn K,Charlotte Ammundsens Plads,,Danmark K?benhavn
DK,A,1,1359,K?benhavn K,Ahlefeldtsgade,,Danmark K?benhavn
DK,A,1,1360,K?benhavn K,Frederiksborggade,,Danmark K?benhavn
DK,A,1,1361,K?benhavn K,Linn?sgade,,Danmark K?benhavn
DK,A,1,1361,K?benhavn K,Israels Plads,,Danmark K?benhavn
DK,A,1,1362,K?benhavn K,R?mersgade,,Danmark K?benhavn
DK,A,1,1363,K?benhavn K,Vendersgade,,Danmark K?benhavn
DK,A,1,1364,K?benhavn K,N?rre Farimagsgade,,Danmark K?benhavn
DK,A,1,1365,K?benhavn K,Schacksgade,,Danmark K?benhavn
DK,A,1,1366,K?benhavn K,Nansensgade,,Danmark K?benhavn
DK,A,1,1367,K?benhavn K,Kjeld Langes Gade,,Danmark K?benhavn
DK,A,1,1368,K?benhavn K,Turesensgade,,Danmark K?benhavn
DK,A,1,1369,K?benhavn K,Gyldenl?vesgade Lige nr,,Danmark K?benhavn
DK,A,1,1370,K?benhavn K,N?rre S?gade,,Danmark K?benhavn
DK,A,1,1371,K?benhavn K,S?torvet,,Danmark K?benhavn
DK,A,1,1400,K?benhavn K,Torvegade,,Danmark K?benhavn
DK,A,1,1400,K?benhavn K,Knippelsbro,,Danmark K?benhavn
DK,A,1,1401,K?benhavn K,Strandgade,,Danmark K?benhavn
DK,A,1,1402,K?benhavn K,David Balfours Gade,,Danmark K?benhavn
DK,A,1,1402,K?benhavn K,Hammersh?i Kaj,,Danmark K?benhavn
DK,A,1,1402,K?benhavn K,Johan Semps Gade,,Danmark K?benhavn
DK,A,1,1402,K?benhavn K,Nicolai Eigtveds Gade,,Danmark K?benhavn
DK,A,1,1402,K?benhavn K,Asiatisk Plads,,Danmark K?benhavn
DK,A,1,1403,K?benhavn K,Wilders Plads,,Danmark K?benhavn
DK,A,1,1404,K?benhavn K,Kr?yers Plads,,Danmark K?benhavn
DK,A,1,1406,K?benhavn K,Christianshavns Kanal,,Danmark K?benhavn
DK,A,1,1407,K?benhavn K,B?dsmandsstr?de,,Danmark K?benhavn
DK,A,1,1408,K?benhavn K,Wildersgade,,Danmark K?benhavn
DK,A,1,1409,K?benhavn K,Knippelsbrogade,,Danmark K?benhavn
DK,A,1,1410,K?benhavn K,Christianshavns Torv,,Danmark K?benhavn
DK,A,1,1411,K?benhavn K,Applebys Plads,,Danmark K?benhavn
DK,A,1,1411,K?benhavn K,Langebrogade,,Danmark K?benhavn
DK,A,1,1412,K?benhavn K,Voldg?rden,,Danmark K?benhavn
DK,A,1,1413,K?benhavn K,Ved Kanalen,,Danmark K?benhavn
DK,A,1,1414,K?benhavn K,Overgaden neden Vandet,,Danmark K?benhavn
DK,A,1,1415,K?benhavn K,Overgaden oven Vandet,,Danmark K?benhavn
DK,A,1,1416,K?benhavn K,Sankt Ann? Gade,,Danmark K?benhavn
DK,A,1,1417,K?benhavn K,Mikkel Vibes Gade,,Danmark K?benhavn
DK,A,1,1418,K?benhavn K,Sofiegade,,Danmark K?benhavn
DK,A,1,1419,K?benhavn K,Store S?ndervoldstr?de,,Danmark K?benhavn
DK,A,1,1420,K?benhavn K,Dronningensgade,,Danmark K?benhavn
DK,A,1,1421,K?benhavn K,Lille S?ndervoldstr?de,,Danmark K?benhavn
DK,A,1,1422,K?benhavn K,Prinsessegade,,Danmark K?benhavn
DK,A,1,1423,K?benhavn K,Amagergade,,Danmark K?benhavn
DK,A,1,1424,K?benhavn K,Christianshavns Voldgade,,Danmark K?benhavn
DK,A,1,1425,K?benhavn K,Ved Volden,,Danmark K?benhavn
DK,A,1,1426,K?benhavn K,Voldboligerne,,Danmark K?benhavn
DK,A,1,1427,K?benhavn K,Brobergsgade,,Danmark K?benhavn
DK,A,1,1428,K?benhavn K,Andreas Bj?rns Gade,,Danmark K?benhavn
DK,A,1,1429,K?benhavn K,Burmeistersgade,,Danmark K?benhavn
DK,A,1,1430,K?benhavn K,Bodenhoffs Plads,,Danmark K?benhavn
DK,A,1,1431,K?benhavn K,Islands Plads,,Danmark K?benhavn
DK,A,1,1432,K?benhavn K,Refshalevej,,Danmark K?benhavn
DK,A,1,1432,K?benhavn K,William Wains Gade,,Danmark K?benhavn
DK,A,1,1432,K?benhavn K,Margretheholmsvej,,Danmark K?benhavn
DK,A,1,1433,K?benhavn K,Flakfortet,,Danmark K?benhavn
DK,A,1,1433,K?benhavn K,Lynetten,,Danmark K?benhavn
DK,A,1,1433,K?benhavn K,Margretheholm,,Danmark K?benhavn
DK,A,1,1433,K?benhavn K,Middelgrundsfortet,,Danmark K?benhavn
DK,A,1,1433,K?benhavn K,Quintus,,Danmark K?benhavn
DK,A,1,1433,K?benhavn K,Refshale?en,,Danmark K?benhavn
DK,A,1,1433,K?benhavn K,Christiansholms ?,,Danmark K?benhavn
DK,A,1,1434,K?benhavn K,Danneskiold-Sams?es All?,,Danmark K?benhavn
DK,A,1,1435,K?benhavn K,Philip de Langes All?,,Danmark K?benhavn
DK,A,1,1436,K?benhavn K,Halvtolv,,Danmark K?benhavn
DK,A,1,1436,K?benhavn K,Kugleg?rden,,Danmark K?benhavn
DK,A,1,1436,K?benhavn K,Kugleg?rdsvej,,Danmark K?benhavn
DK,A,1,1436,K?benhavn K,S?artillerivej,,Danmark K?benhavn
DK,A,1,1436,K?benhavn K,Trangravsvej,,Danmark K?benhavn
DK,A,1,1436,K?benhavn K,V?rftsbroen,,Danmark K?benhavn
DK,A,1,1436,K?benhavn K,Arsenalvej,,Danmark K?benhavn
DK,A,1,1437,K?benhavn K,Bohlendachvej,,Danmark K?benhavn
DK,A,1,1437,K?benhavn K,Eik Skal?es Plads,,Danmark K?benhavn
DK,A,1,1437,K?benhavn K,Fabrikmestervej,,Danmark K?benhavn
DK,A,1,1437,K?benhavn K,Galionsvej,,Danmark K?benhavn
DK,A,1,1437,K?benhavn K,Kanonb?dsvej,,Danmark K?benhavn
DK,A,1,1437,K?benhavn K,Leo Mathisens Vej,,Danmark K?benhavn
DK,A,1,1437,K?benhavn K,Masteskursvej,,Danmark K?benhavn
DK,A,1,1437,K?benhavn K,Per Knutzons Vej,,Danmark K?benhavn
DK,A,1,1437,K?benhavn K,Schifters Kvarter,,Danmark K?benhavn
DK,A,1,1437,K?benhavn K,Stibolts Kvarter,,Danmark K?benhavn
DK,A,1,1437,K?benhavn K,Takkelloftsvej,,Danmark K?benhavn
DK,A,1,1437,K?benhavn K,Theodor Christensens Plads,,Danmark K?benhavn
DK,A,1,1438,K?benhavn K,Benstrups Kvarter,,Danmark K?benhavn
DK,A,1,1438,K?benhavn K,Dok?vej,,Danmark K?benhavn
DK,A,1,1438,K?benhavn K,Ekvipagemestervej,,Danmark K?benhavn
DK,A,1,1438,K?benhavn K,Judich?rs Plads,,Danmark K?benhavn
DK,A,1,1438,K?benhavn K,Orlogsv?rftvej,,Danmark K?benhavn
DK,A,1,1439,K?benhavn K,A.H. Vedels Plads,,Danmark K?benhavn
DK,A,1,1439,K?benhavn K,Bradb?nken,,Danmark K?benhavn
DK,A,1,1439,K?benhavn K,Elefanten,,Danmark K?benhavn
DK,A,1,1439,K?benhavn K,Eskadrevej,,Danmark K?benhavn
DK,A,1,1439,K?benhavn K,H.C. Sneedorffs All?,,Danmark K?benhavn
DK,A,1,1439,K?benhavn K,Henrik Gerners Plads,,Danmark K?benhavn
DK,A,1,1439,K?benhavn K,Henrik Spans Vej,,Danmark K?benhavn
DK,A,1,1439,K?benhavn K,Kongebrovej,,Danmark K?benhavn
DK,A,1,1439,K?benhavn K,Krudtl?bsvej,,Danmark K?benhavn
DK,A,1,1439,K?benhavn K,Min?rvej,,Danmark K?benhavn
DK,A,1,1439,K?benhavn K,P. L?ven?rns Vej,,Danmark K?benhavn
DK,A,1,1439,K?benhavn K,Spanteloftvej,,Danmark K?benhavn
DK,A,1,1439,K?benhavn K,Takkeladsvej,,Danmark K?benhavn
DK,A,1,1439,K?benhavn K,Ved Sixtusbatteriet,,Danmark K?benhavn
DK,A,1,1439,K?benhavn K,Ved S?minegraven,,Danmark K?benhavn
DK,A,1,1440,K?benhavn K,Bj?rnekloen,,Danmark K?benhavn
DK,A,1,1440,K?benhavn K,Bl? Karamel,,Danmark K?benhavn
DK,A,1,1440,K?benhavn K,Fabriksomr?det,,Danmark K?benhavn
DK,A,1,1440,K?benhavn K,Fredens Ark,,Danmark K?benhavn
DK,A,1,1440,K?benhavn K,L?vehuset,,Danmark K?benhavn
DK,A,1,1440,K?benhavn K,M?lkeb?tten,,Danmark K?benhavn
DK,A,1,1440,K?benhavn K,M?lkevejen,,Danmark K?benhavn
DK,A,1,1440,K?benhavn K,Nordomr?det,,Danmark K?benhavn
DK,A,1,1440,K?benhavn K,Psyak,,Danmark K?benhavn
DK,A,1,1440,K?benhavn K,Sydomr?det,,Danmark K?benhavn
DK,A,1,1440,K?benhavn K,Tinghuset,,Danmark K?benhavn
DK,A,1,1441,K?benhavn K,Midtdyssen,,Danmark K?benhavn
DK,A,1,1441,K?benhavn K,Norddyssen,,Danmark K?benhavn
DK,A,1,1441,K?benhavn K,Syddyssen,,Danmark K?benhavn
DK,A,1,1448,K?benhavn K, Asiatisk Plads 2,Udenrigsministeriet,Danmark K?benhavn
DK,A,1,1450,K?benhavn K,Nytorv,,Danmark K?benhavn
DK,A,1,1451,K?benhavn K,Larslejsstr?de,,Danmark K?benhavn
DK,A,1,1452,K?benhavn K,Teglg?rdstr?de,,Danmark K?benhavn
DK,A,1,1453,K?benhavn K,Sankt Peders Str?de,,Danmark K?benhavn
DK,A,1,1454,K?benhavn K,Larsbj?rnsstr?de,,Danmark K?benhavn
DK,A,1,1455,K?benhavn K,Studiestr?de 3-49 + 6-40,,Danmark K?benhavn
DK,A,1,1456,K?benhavn K,Vestergade,,Danmark K?benhavn
DK,A,1,1457,K?benhavn K,Gammeltorv,,Danmark K?benhavn
DK,A,1,1458,K?benhavn K,Kattesundet,,Danmark K?benhavn
DK,A,1,1459,K?benhavn K,Frederiksberggade,,Danmark K?benhavn
DK,A,1,1460,K?benhavn K,Mikkel Bryggers Gade,,Danmark K?benhavn
DK,A,1,1461,K?benhavn K,Slutterigade,,Danmark K?benhavn
DK,A,1,1462,K?benhavn K,Lavendelstr?de,,Danmark K?benhavn
DK,A,1,1463,K?benhavn K,Farvergade,,Danmark K?benhavn
DK,A,1,1464,K?benhavn K,Hestem?llestr?de,,Danmark K?benhavn
DK,A,1,1465,K?benhavn K,G?segade,,Danmark K?benhavn
DK,A,1,1466,K?benhavn K,R?dhusstr?de,,Danmark K?benhavn
DK,A,1,1467,K?benhavn K,Vandkunsten,,Danmark K?benhavn
DK,A,1,1468,K?benhavn K,L?ngangstr?de,,Danmark K?benhavn
DK,A,1,1470,K?benhavn K,Stormgade 2-14,,Danmark K?benhavn
DK,A,1,1471,K?benhavn K,Ny Vestergade,,Danmark K?benhavn
DK,A,1,1472,K?benhavn K, 1-15 + 4-14,Ny Kongensgade,Danmark K?benhavn
DK,A,1,1473,K?benhavn K,Bryghusgade,,Danmark K?benhavn
DK,A,1,1500,K?benhavn V,Bernstorffsgade 40,,Danmark K?benhavn
DK,A,1,1501,K?benhavn V,Postboks,,Danmark K?benhavn
DK,A,1,1502,K?benhavn V,Postboks,,Danmark K?benhavn
DK,A,1,1503,K?benhavn V,Postboks,,Danmark K?benhavn
DK,A,1,1504,K?benhavn V,Postboks,,Danmark K?benhavn
DK,A,1,1505,K?benhavn V,Postboks,,Danmark K?benhavn
DK,A,1,1506,K?benhavn V,Postboks,,Danmark K?benhavn
DK,A,1,1507,K?benhavn V,Postboks,,Danmark K?benhavn
DK,A,1,1508,K?benhavn V,Postboks,,Danmark K?benhavn
DK,A,1,1509,K?benhavn V,Postboks,,Danmark K?benhavn
DK,A,1,1510,K?benhavn V,Postboks,,Danmark K?benhavn
DK,A,1,1512,K?benhavn V,Returpost,,Danmark K?benhavn
DK,A,1,1513,K?benhavn V,Centraltastning,,Danmark K?benhavn
DK,A,1,1532,K?benhavn V,"	Kystvejen 26-28",Internationalt Postcenter,Danmark K?benhavn
DK,A,1,1533,K?benhavn V, 2770 Kastrup,Internationalt Postcenter,Danmark K?benhavn
DK,A,1,1550,K?benhavn V,R?dhuspladsen,,Danmark K?benhavn
DK,A,1,1550,K?benhavn V,Bag R?dhuset,,Danmark K?benhavn
DK,A,1,1551,K?benhavn V,Jarmers Plads,,Danmark K?benhavn
DK,A,1,1552,K?benhavn V,Vester Voldgade,,Danmark K?benhavn
DK,A,1,1553,K?benhavn V,H.C.  Andersens Boulevard,,Danmark K?benhavn
DK,A,1,1553,K?benhavn V,Langebro,,Danmark K?benhavn
DK,A,1,1554,K?benhavn V,Studiestr?de 57-69 + 50-54,,Danmark K?benhavn
DK,A,1,1555,K?benhavn V,Stormgade Ulige 20+35,,Danmark K?benhavn
DK,A,1,1556,K?benhavn V,Dantes Plads,,Danmark K?benhavn
DK,A,1,1557,K?benhavn V,Ny Kongensgade 19-21 + 18-20,,Danmark K?benhavn
DK,A,1,1558,K?benhavn V,Christiansborggade,,Danmark K?benhavn
DK,A,1,1559,K?benhavn V,Christians Brygge 24 - 30,,Danmark K?benhavn
DK,A,1,1560,K?benhavn V,Kalvebod Brygge,,Danmark K?benhavn
DK,A,1,1561,K?benhavn V,Kalvebod Pladsvej,,Danmark K?benhavn
DK,A,1,1561,K?benhavn V,Fisketorvet,,Danmark K?benhavn
DK,A,1,1562,K?benhavn V,Hambrosgade,,Danmark K?benhavn
DK,A,1,1563,K?benhavn V,Otto M?nsteds Plads,,Danmark K?benhavn
DK,A,1,1564,K?benhavn V,Rysensteensgade,,Danmark K?benhavn
DK,A,1,1566,K?benhavn V, Tietgensgade 37,Post Danmark,Danmark K?benhavn
DK,A,1,1567,K?benhavn V,Polititorvet,,Danmark K?benhavn
DK,A,1,1568,K?benhavn V,Mitchellsgade,,Danmark K?benhavn
DK,A,1,1569,K?benhavn V,Edvard Falcks Gade,,Danmark K?benhavn
DK,A,1,1570,K?benhavn V,K?benhavns Hovedbaneg?rd,,Danmark K?benhavn
DK,A,1,1570,K?benhavn V,Baneg?rdspladsen,,Danmark K?benhavn
DK,A,1,1571,K?benhavn V,Otto M?nsteds Gade,,Danmark K?benhavn
DK,A,1,1572,K?benhavn V,Anker Heegaards Gade,,Danmark K?benhavn
DK,A,1,1573,K?benhavn V,Puggaardsgade,,Danmark K?benhavn
DK,A,1,1574,K?benhavn V,Niels Brocks Gade,,Danmark K?benhavn
DK,A,1,1575,K?benhavn V,Ved Glyptoteket,,Danmark K?benhavn
DK,A,1,1576,K?benhavn V,Stoltenbergsgade,,Danmark K?benhavn
DK,A,1,1577,K?benhavn V,"Arni Magnussons Gade
",,Danmark K?benhavn
DK,A,1,1577,K?benhavn V,Bernstorffsgade,,Danmark K?benhavn
DK,A,1,1577,K?benhavn V,Carsten Niebuhrs Gade,,Danmark K?benhavn
DK,A,1,1592,K?benhavn V, Bernstorffsgade 17-19,K?benhavns Socialdirektorat,Danmark K?benhavn
DK,A,1,1599,K?benhavn V, R?dhuspladsen 1,K?benhavns R?dhus,Danmark K?benhavn
DK,A,1,1600,K?benhavn V,Gyldenl?vesgade ulige nr.,,Danmark K?benhavn
DK,A,1,1601,K?benhavn V,Vester S?gade,,Danmark K?benhavn
DK,A,1,1602,K?benhavn V,Nyropsgade,,Danmark K?benhavn
DK,A,1,1603,K?benhavn V,Dahlerupsgade,,Danmark K?benhavn
DK,A,1,1604,K?benhavn V,Kampmannsgade,,Danmark K?benhavn
DK,A,1,1605,K?benhavn V,Herholdtsgade,,Danmark K?benhavn
DK,A,1,1606,K?benhavn V,Vester Farimagsgade,,Danmark K?benhavn
DK,A,1,1607,K?benhavn V,Staunings Plads,,Danmark K?benhavn
DK,A,1,1608,K?benhavn V,Jernbanegade,,Danmark K?benhavn
DK,A,1,1609,K?benhavn V,Axeltorv,,Danmark K?benhavn
DK,A,1,1610,K?benhavn V,Gammel Kongevej 1-55 + 10,,Danmark K?benhavn
DK,A,1,1611,K?benhavn V,Hammerichsgade,,Danmark K?benhavn
DK,A,1,1612,K?benhavn V,Ved Vesterport,,Danmark K?benhavn
DK,A,1,1613,K?benhavn V,Meldahlsgade,,Danmark K?benhavn
DK,A,1,1614,K?benhavn V,Trommesalen,,Danmark K?benhavn
DK,A,1,1615,K?benhavn V,Sankt J?rgens All?,,Danmark K?benhavn
DK,A,1,1616,K?benhavn V,Stenosgade,,Danmark K?benhavn
DK,A,1,1617,K?benhavn V,Bagerstr?de,,Danmark K?benhavn
DK,A,1,1618,K?benhavn V,Tullinsgade,,Danmark K?benhavn
DK,A,1,1619,K?benhavn V,V?rnedamsvej lige nr.,,Danmark K?benhavn
DK,A,1,1620,K?benhavn V,Vesterbros Torv,,Danmark K?benhavn
DK,A,1,1620,K?benhavn V,Vesterbrogade 1-149 og 2-150,,Danmark K?benhavn
DK,A,1,1621,K?benhavn V,Frederiksberg All? 1 - 13B,,Danmark K?benhavn
DK,A,1,1622,K?benhavn V,Boyesgade ulige nr,,Danmark K?benhavn
DK,A,1,1623,K?benhavn V,Kingosgade 1-9 + 2-6,,Danmark K?benhavn
DK,A,1,1624,K?benhavn V,Brorsonsgade,,Danmark K?benhavn
DK,A,1,1630,K?benhavn V, Vesterbrogade 3,Tivoli A/S,Danmark K?benhavn
DK,A,1,1631,K?benhavn V,Herman Triers Plads,,Danmark K?benhavn
DK,A,1,1632,K?benhavn V,Julius Thomsens Gade lige nr,,Danmark K?benhavn
DK,A,1,1633,K?benhavn V,Kleinsgade,,Danmark K?benhavn
DK,A,1,1634,K?benhavn V,Rosen?rns All? 2-18,,Danmark K?benhavn
DK,A,1,1635,K?benhavn V,boulevard 1-13,,Danmark K?benhavn
DK,A,1,1650,K?benhavn V,Istedgade,,Danmark K?benhavn
DK,A,1,1651,K?benhavn V,Reventlowsgade,,Danmark K?benhavn
DK,A,1,1652,K?benhavn V,Colbj?rnsensgade,,Danmark K?benhavn
DK,A,1,1653,K?benhavn V,Helgolandsgade,,Danmark K?benhavn
DK,A,1,1654,K?benhavn V,Abel Cathrines Gade,,Danmark K?benhavn
DK,A,1,1655,K?benhavn V,Viktoriagade,,Danmark K?benhavn
DK,A,1,1656,K?benhavn V,Gasv?rksvej,,Danmark K?benhavn
DK,A,1,1657,K?benhavn V,Eskildsgade,,Danmark K?benhavn
DK,A,1,1658,K?benhavn V,Absalonsgade,,Danmark K?benhavn
DK,A,1,1659,K?benhavn V,Svendsgade,,Danmark K?benhavn
DK,A,1,1660,K?benhavn V,Otto Krabbes Plads,,Danmark K?benhavn
DK,A,1,1660,K?benhavn V,Dannebrogsgade,,Danmark K?benhavn
DK,A,1,1661,K?benhavn V,Westend,,Danmark K?benhavn
DK,A,1,1662,K?benhavn V,Saxogade,,Danmark K?benhavn
DK,A,1,1663,K?benhavn V,Oehlenschl?gersgade,,Danmark K?benhavn
DK,A,1,1664,K?benhavn V,Kaalundsgade,,Danmark K?benhavn
DK,A,1,1665,K?benhavn V,Valdemarsgade,,Danmark K?benhavn
DK,A,1,1666,K?benhavn V,Matth?usgade,,Danmark K?benhavn
DK,A,1,1667,K?benhavn V,Frederiksstadsgade,,Danmark K?benhavn
DK,A,1,1668,K?benhavn V,Mysundegade,,Danmark K?benhavn
DK,A,1,1669,K?benhavn V,Flensborggade,,Danmark K?benhavn
DK,A,1,1670,K?benhavn V,Enghave Plads,,Danmark K?benhavn
DK,A,1,1671,K?benhavn V,Haderslevgade,,Danmark K?benhavn
DK,A,1,1672,K?benhavn V,Broagergade,,Danmark K?benhavn
DK,A,1,1673,K?benhavn V,Ullerupgade,,Danmark K?benhavn
DK,A,1,1674,K?benhavn V, 1-77 + 2-78,Enghavevej,Danmark K?benhavn
DK,A,1,1675,K?benhavn V,Kongsh?jgade,,Danmark K?benhavn
DK,A,1,1676,K?benhavn V,Sankelmarksgade,,Danmark K?benhavn
DK,A,1,1677,K?benhavn V,Gr?stensgade,,Danmark K?benhavn
DK,A,1,1699,K?benhavn V,Staldgade,,Danmark K?benhavn
DK,A,1,1700,K?benhavn V,Halmtorvet,,Danmark K?benhavn
DK,A,1,1701,K?benhavn V,Reverdilsgade,,Danmark K?benhavn
DK,A,1,1702,K?benhavn V,Stampesgade,,Danmark K?benhavn
DK,A,1,1703,K?benhavn V,Lille Colbj?rnsensgade,,Danmark K?benhavn
DK,A,1,1704,K?benhavn V,Tietgensgade,,Danmark K?benhavn
DK,A,1,1705,K?benhavn V,Ingerslevsgade,,Danmark K?benhavn
DK,A,1,1706,K?benhavn V,Lille Istedgade,,Danmark K?benhavn
DK,A,1,1707,K?benhavn V,Maria Kirkeplads,,Danmark K?benhavn
DK,A,1,1708,K?benhavn V,Eriksgade,,Danmark K?benhavn
DK,A,1,1709,K?benhavn V,Skydebanegade,,Danmark K?benhavn
DK,A,1,1710,K?benhavn V,Kv?gtorvsgade,,Danmark K?benhavn
DK,A,1,1711,K?benhavn V,Onkel Dannys Plads,,Danmark K?benhavn
DK,A,1,1711,K?benhavn V,Fl?sketorvet,,Danmark K?benhavn
DK,A,1,1712,K?benhavn V,H?kerboderne,,Danmark K?benhavn
DK,A,1,1713,K?benhavn V,Kv?gtorvet,,Danmark K?benhavn
DK,A,1,1714,K?benhavn V,K?dboderne,,Danmark K?benhavn
DK,A,1,1715,K?benhavn V,Slagtehusgade,,Danmark K?benhavn
DK,A,1,1716,K?benhavn V,Slagterboderne,,Danmark K?benhavn
DK,A,1,1717,K?benhavn V,Skelb?kgade,,Danmark K?benhavn
DK,A,1,1718,K?benhavn V,Sommerstedgade,,Danmark K?benhavn
DK,A,1,1719,K?benhavn V,Krus?gade,,Danmark K?benhavn
DK,A,1,1720,K?benhavn V,S?nder Boulevard,,Danmark K?benhavn
DK,A,1,1721,K?benhavn V,Dybb?lsgade,,Danmark K?benhavn
DK,A,1,1722,K?benhavn V,Godsbanegade,,Danmark K?benhavn
DK,A,1,1723,K?benhavn V,Letlandsgade,,Danmark K?benhavn
DK,A,1,1724,K?benhavn V,Estlandsgade,,Danmark K?benhavn
DK,A,1,1725,K?benhavn V,Esbern Snares Gade,,Danmark K?benhavn
DK,A,1,1726,K?benhavn V,Arkonagade,,Danmark K?benhavn
DK,A,1,1727,K?benhavn V,Asger Rygs Gade,,Danmark K?benhavn
DK,A,1,1728,K?benhavn V,Skjalm Hvides Gade,,Danmark K?benhavn
DK,A,1,1729,K?benhavn V,Sigerstedgade,,Danmark K?benhavn
DK,A,1,1730,K?benhavn V,Knud Lavards Gade,,Danmark K?benhavn
DK,A,1,1731,K?benhavn V,Erik Ejegods Gade,,Danmark K?benhavn
DK,A,1,1732,K?benhavn V,Bodilsgade,,Danmark K?benhavn
DK,A,1,1733,K?benhavn V,Palnatokesgade,,Danmark K?benhavn
DK,A,1,1734,K?benhavn V,Heilsgade,,Danmark K?benhavn
DK,A,1,1735,K?benhavn V,R?ddinggade,,Danmark K?benhavn
DK,A,1,1736,K?benhavn V,Bevtoftgade,,Danmark K?benhavn
DK,A,1,1737,K?benhavn V,Bustrupgade,,Danmark K?benhavn
DK,A,1,1738,K?benhavn V,Stenderupgade,,Danmark K?benhavn
DK,A,1,1739,K?benhavn V,Enghave Passage,,Danmark K?benhavn
DK,A,1,1749,K?benhavn V,Rahbeks All? 3-11,,Danmark K?benhavn
DK,A,1,1750,K?benhavn V,Vesterf?lledvej 1-9 + 2-56,,Danmark K?benhavn
DK,A,1,1751,K?benhavn V,Sundevedsgade,,Danmark K?benhavn
DK,A,1,1752,K?benhavn V,T?ndergade,,Danmark K?benhavn
DK,A,1,1753,K?benhavn V,Ballumgade,,Danmark K?benhavn
DK,A,1,1754,K?benhavn V,Hedebygade,,Danmark K?benhavn
DK,A,1,1755,K?benhavn V,M?gelt?ndergade,,Danmark K?benhavn
DK,A,1,1756,K?benhavn V,Amerikavej,,Danmark K?benhavn
DK,A,1,1757,K?benhavn V,Tr?jborggade,,Danmark K?benhavn
DK,A,1,1758,K?benhavn V,Lyrskovgade,,Danmark K?benhavn
DK,A,1,1759,K?benhavn V,Rejsbygade,,Danmark K?benhavn
DK,A,1,1760,K?benhavn V,Ny Carlsberg Vej 1-37 + 2-66,,Danmark K?benhavn
DK,A,1,1761,K?benhavn V,Ejderstedgade,,Danmark K?benhavn
DK,A,1,1762,K?benhavn V,Slesvigsgade,,Danmark K?benhavn
DK,A,1,1763,K?benhavn V,Dannevirkegade,,Danmark K?benhavn
DK,A,1,1764,K?benhavn V,Alsgade,,Danmark K?benhavn
DK,A,1,1765,K?benhavn V,Angelgade,,Danmark K?benhavn
DK,A,1,1766,K?benhavn V,Slien,,Danmark K?benhavn
DK,A,1,1770,K?benhavn V,Carstensgade,,Danmark K?benhavn
DK,A,1,1771,K?benhavn V,Lundbyesgade,,Danmark K?benhavn
DK,A,1,1772,K?benhavn V,Ernst Meyers Gade,,Danmark K?benhavn
DK,A,1,1773,K?benhavn V,Bissensgade,,Danmark K?benhavn
DK,A,1,1774,K?benhavn V,Kchlersgade,,Danmark K?benhavn
DK,A,1,1775,K?benhavn V,Freundsgade,,Danmark K?benhavn
DK,A,1,1777,K?benhavn V,Jerichausgade,,Danmark K?benhavn
DK,A,1,1780,K?benhavn V,,Erhvervskunder (flere kunder) ,Danmark K?benhavn
DK,A,1,1782,K?benhavn V,Ufrankerede svarforsendelser,,Danmark K?benhavn
DK,A,1,1785,K?benhavn V, R?dhuspladsen 33 og 37,Politiken og Ekstrabladet,Danmark K?benhavn
DK,A,1,1786,K?benhavn V,Vesterbrogade 8,Nordea,Danmark K?benhavn
DK,A,1,1787,K?benhavn V,H.C. Andersens Boulevard 18,Dansk Industri,Danmark K?benhavn
DK,A,1,1790,K?benhavn V,,Erhvervskunder (flere kunder) ,Danmark K?benhavn
DK,A,1,1799,K?benhavn V,Vesterf?lledvej 58-110,,Danmark K?benhavn
DK,A,1,1799,K?benhavn V, Vester F?lledvej 58-110,Carlsberg,Danmark K?benhavn
DK,A,1,1799,K?benhavn V,Bag Elefanterne,,Danmark K?benhavn
DK,A,1,1799,K?benhavn V,Banevolden 2,,Danmark K?benhavn
DK,A,1,1799,K?benhavn V,Bjerreg?rdsvej 5 og 7,,Danmark K?benhavn
DK,A,1,1799,K?benhavn V,Bryggernes Plads,,Danmark K?benhavn
DK,A,1,1799,K?benhavn V,Gamle Carlsberg Vej,,Danmark K?benhavn
DK,A,1,1799,K?benhavn V,"Kammasvej 2, 4 og 6 ",,Danmark K?benhavn
DK,A,1,1799,K?benhavn V,Ny Carlsberg Vej fra 39 og fra 68,,Danmark K?benhavn
DK,A,1,1799,K?benhavn V,Ottilia Jacobsens Plads,,Danmark K?benhavn
DK,A,1,1799,K?benhavn V,Pasteursvej,,Danmark K?benhavn
DK,A,1,1799,K?benhavn V,Rahbeks All? 13-15,,Danmark K?benhavn
DK,A,1,1799,K?benhavn V,Valby Langgade 1,,Danmark K?benhavn
DK,A,2,1800,Frederiksberg C,Vesterbrogade 161-191 +162-208,,Danmark K?benhavn
DK,A,2,1801,Frederiksberg C,Rahbeks All? 2-36,,Danmark K?benhavn
DK,A,2,1802,Frederiksberg C,Halls All?,,Danmark K?benhavn
DK,A,2,1803,Frederiksberg C,Br?ndsteds All?,,Danmark K?benhavn
DK,A,2,1804,Frederiksberg C,Bakkeg?rds All?,,Danmark K?benhavn
DK,A,2,1805,Frederiksberg C,Kammasvej 3 ,,Danmark K?benhavn
DK,A,2,1806,Frederiksberg C,Jacobys All?,,Danmark K?benhavn
DK,A,2,1807,Frederiksberg C,Schlegels All?,,Danmark K?benhavn
DK,A,2,1808,Frederiksberg C,Asmussens All?,,Danmark K?benhavn
DK,A,2,1809,Frederiksberg C,Frydendalsvej,,Danmark K?benhavn
DK,A,2,1810,Frederiksberg C,Platanvej,,Danmark K?benhavn
DK,A,2,1811,Frederiksberg C,Asg?rdsvej,,Danmark K?benhavn
DK,A,2,1812,Frederiksberg C,Kochsvej,,Danmark K?benhavn
DK,A,2,1813,Frederiksberg C,Henrik Ibsens Vej,,Danmark K?benhavn
DK,A,2,1814,Frederiksberg C,Carit Etlars Vej,,Danmark K?benhavn
DK,A,2,1815,Frederiksberg C,Paludan Mllers Vej,,Danmark K?benhavn
DK,A,2,1816,Frederiksberg C,Engtoftevej,,Danmark K?benhavn
DK,A,2,1817,Frederiksberg C,Carl Bernhards Vej,,Danmark K?benhavn
DK,A,2,1818,Frederiksberg C,Kingosgade 8-10 + 11-17,,Danmark K?benhavn
DK,A,2,1819,Frederiksberg C,V?rnedamsvej ulige nr.,,Danmark K?benhavn
DK,A,2,1820,Frederiksberg C,Frederiksberg All? 15-63 + 2-104,,Danmark K?benhavn
DK,A,2,1822,Frederiksberg C,Boyesgade lige nr,,Danmark K?benhavn
DK,A,2,1823,Frederiksberg C,Haveselskabetsvej,,Danmark K?benhavn
DK,A,2,1824,Frederiksberg C,Sankt Thomas All?,,Danmark K?benhavn
DK,A,2,1825,Frederiksberg C,Hauchsvej,,Danmark K?benhavn
DK,A,2,1826,Frederiksberg C,Alhambravej,,Danmark K?benhavn
DK,A,2,1827,Frederiksberg C,Mynstersvej,,Danmark K?benhavn
DK,A,2,1828,Frederiksberg C,Martensens All?,,Danmark K?benhavn
DK,A,2,1829,Frederiksberg C,Madvigs All?,,Danmark K?benhavn
DK,A,2,1835,Frederiksberg C,Postboks,,Danmark K?benhavn
DK,A,2,1850,Frederiksberg C,Gammel Kongevej 85-179 + 60-178,,Danmark K?benhavn
DK,A,2,1851,Frederiksberg C,Nyvej,,Danmark K?benhavn
DK,A,2,1852,Frederiksberg C,Amicisvej,,Danmark K?benhavn
DK,A,2,1853,Frederiksberg C,Maglekildevej,,Danmark K?benhavn
DK,A,2,1854,Frederiksberg C,Dr. Priemes Vej,,Danmark K?benhavn
DK,A,2,1855,Frederiksberg C,Holl?ndervej,,Danmark K?benhavn
DK,A,2,1856,Frederiksberg C,Edisonsvej,,Danmark K?benhavn
DK,A,2,1857,Frederiksberg C,Hortensiavej,,Danmark K?benhavn
DK,A,2,1860,Frederiksberg C,Christian Winthers Vej,,Danmark K?benhavn
DK,A,2,1861,Frederiksberg C,Sagasvej,,Danmark K?benhavn
DK,A,2,1862,Frederiksberg C,Rathsacksvej,,Danmark K?benhavn
DK,A,2,1863,Frederiksberg C,Ceresvej,,Danmark K?benhavn
DK,A,2,1864,Frederiksberg C,Grundtvigsvej,,Danmark K?benhavn
DK,A,2,1865,Frederiksberg C,Grundtvigs Sidevej,,Danmark K?benhavn
DK,A,2,1866,Frederiksberg C,Henrik Steffens Vej,,Danmark K?benhavn
DK,A,2,1867,Frederiksberg C,Acaciavej,,Danmark K?benhavn
DK,A,2,1868,Frederiksberg C,Bianco Lunos All?,,Danmark K?benhavn
DK,A,2,1870,Frederiksberg C,Blowsvej,,Danmark K?benhavn
DK,A,2,1871,Frederiksberg C,Thorvaldsensvej,,Danmark K?benhavn
DK,A,2,1872,Frederiksberg C,Bomhoffs Have,,Danmark K?benhavn
DK,A,2,1873,Frederiksberg C,Helenevej,,Danmark K?benhavn
DK,A,2,1874,Frederiksberg C,Harsdorffsvej,,Danmark K?benhavn
DK,A,2,1875,Frederiksberg C,Amalievej,,Danmark K?benhavn
DK,A,2,1876,Frederiksberg C,Kastanievej,,Danmark K?benhavn
DK,A,2,1877,Frederiksberg C,Lindevej,,Danmark K?benhavn
DK,A,2,1878,Frederiksberg C,Uraniavej,,Danmark K?benhavn
DK,A,2,1879,Frederiksberg C,H.C. ?rsteds Vej,,Danmark K?benhavn
DK,A,2,1900,Frederiksberg C,Vodroffsvej,,Danmark K?benhavn
DK,A,2,1901,Frederiksberg C,T?rnborgvej,,Danmark K?benhavn
DK,A,2,1902,Frederiksberg C,Lykkesholms All?,,Danmark K?benhavn
DK,A,2,1903,Frederiksberg C,Sankt Knuds Vej,,Danmark K?benhavn
DK,A,2,1904,Frederiksberg C,Forh?bningsholms All?,,Danmark K?benhavn
DK,A,2,1905,Frederiksberg C,Svanholmsvej,,Danmark K?benhavn
DK,A,2,1906,Frederiksberg C,Sch?nbergsgade,,Danmark K?benhavn
DK,A,2,1908,Frederiksberg C,Prinsesse Maries All?,,Danmark K?benhavn
DK,A,2,1909,Frederiksberg C,Vodroffs Tv?rgade,,Danmark K?benhavn
DK,A,2,1910,Frederiksberg C,Danasvej,,Danmark K?benhavn
DK,A,2,1911,Frederiksberg C,Niels Ebbesens Vej,,Danmark K?benhavn
DK,A,2,1912,Frederiksberg C,Svend Tr?sts Vej,,Danmark K?benhavn
DK,A,2,1913,Frederiksberg C,Carl Plougs Vej,,Danmark K?benhavn
DK,A,2,1914,Frederiksberg C,Vodroffslund,,Danmark K?benhavn
DK,A,2,1915,Frederiksberg C,Danas Plads,,Danmark K?benhavn
DK,A,2,1916,Frederiksberg C,Norsvej,,Danmark K?benhavn
DK,A,2,1917,Frederiksberg C,Sveasvej,,Danmark K?benhavn
DK,A,2,1920,Frederiksberg C,Forchhammersvej,,Danmark K?benhavn
DK,A,2,1921,Frederiksberg C,Sankt Markus Plads,,Danmark K?benhavn
DK,A,2,1922,Frederiksberg C,Sankt Markus All?,,Danmark K?benhavn
DK,A,2,1923,Frederiksberg C,Johnstrups All?,,Danmark K?benhavn
DK,A,2,1924,Frederiksberg C,Steenstrups All?,,Danmark K?benhavn
DK,A,2,1925,Frederiksberg C,Julius Thomsens Plads,,Danmark K?benhavn
DK,A,2,1926,Frederiksberg C,Martinsvej,,Danmark K?benhavn
DK,A,2,1927,Frederiksberg C,Suomisvej,,Danmark K?benhavn
DK,A,2,1928,Frederiksberg C,Filippavej,,Danmark K?benhavn
DK,A,2,1931,Frederiksberg C,Ufrankerede svarforsendelser ,,Danmark K?benhavn
DK,A,2,1950,Frederiksberg C,Hostrupsvej,,Danmark K?benhavn
DK,A,2,1951,Frederiksberg C,Christian Richardts Vej,,Danmark K?benhavn
DK,A,2,1952,Frederiksberg C,Falkonerv?nget,,Danmark K?benhavn
DK,A,2,1953,Frederiksberg C,Sankt Nikolaj Vej,,Danmark K?benhavn
DK,A,2,1954,Frederiksberg C,Hostrups Have,,Danmark K?benhavn
DK,A,2,1955,Frederiksberg C,Dr. Abildgaards All?,,Danmark K?benhavn
DK,A,2,1956,Frederiksberg C,L.I. Brandes All?,,Danmark K?benhavn
DK,A,2,1957,Frederiksberg C,N.J. Fjords All?,,Danmark K?benhavn
DK,A,2,1958,Frederiksberg C,Rolighedsvej,,Danmark K?benhavn
DK,A,2,1959,Frederiksberg C,Falkonerg?rdsvej,,Danmark K?benhavn
DK,A,2,1960,Frederiksberg C,boulevard 15-55,,Danmark K?benhavn
DK,A,2,1961,Frederiksberg C,J.M.Thieles Vej,,Danmark K?benhavn
DK,A,2,1962,Frederiksberg C,Fuglevangsvej,,Danmark K?benhavn
DK,A,2,1963,Frederiksberg C,Bille Brahes Vej,,Danmark K?benhavn
DK,A,2,1964,Frederiksberg C,Ingemannsvej,,Danmark K?benhavn
DK,A,2,1965,Frederiksberg C,Erik Menveds Vej,,Danmark K?benhavn
DK,A,2,1966,Frederiksberg C,Steenwinkelsvej,,Danmark K?benhavn
DK,A,2,1967,Frederiksberg C,Svanemoseg?rdsvej,,Danmark K?benhavn
DK,A,2,1970,Frederiksberg C,Rosen?rns All? 1-67 + 22-70,,Danmark K?benhavn
DK,A,2,1971,Frederiksberg C,Adolph Steens All?,,Danmark K?benhavn
DK,A,2,1972,Frederiksberg C,Worsaaesvej,,Danmark K?benhavn
DK,A,2,1973,Frederiksberg C,Jakob Dannef?rds Vej,,Danmark K?benhavn
DK,A,2,1974,Frederiksberg C,Julius Thomsens Gade Ulige nr,,Danmark K?benhavn
DK,A,2,2000,Frederiksberg,,,Danmark K?benhavn
DK,A,3,2100,K?benhavn ?,,,Danmark K?benhavn
DK,A,3,2150,Nordhavn,,,Danmark K?benhavn
DK,A,3,2200,K?benhavn N,,,Danmark K?benhavn
DK,A,4,2300,K?benhavn S,,,Danmark K?benhavn
DK,A,4,2400,K?benhavn NV,,,Danmark K?benhavn
DK,A,4,2412,Santa Claus/Julemanden,,,Gr?nland
DK,A,4,2450,K?benhavn SV,,,Danmark K?benhavn
DK,A,2,2500,Valby,,,Danmark K?benhavn
DK,A,5,2600,Glostrup,,,Danmark provins
DK,A,5,2605,Br?ndby,,,Danmark provins
DK,A,5,2610,R?dovre,,,Danmark provins
DK,A,5,2620,Albertslund,,,Danmark provins
DK,A,5,2625,Vallensb?k,,,Danmark provins
DK,A,5,2630,Taastrup,,,Danmark provins
DK,A,5,2635,Ish?j,,,Danmark provins
DK,A,5,2640,Hedehusene,,,Danmark provins
DK,A,5,2650,Hvidovre,,,Danmark provins
DK,A,5,2660,Br?ndby Strand,,,Danmark provins
DK,A,5,2665,Vallensb?k Strand,,,Danmark provins
DK,A,5,2670,Greve,,,Danmark provins
DK,A,5,2680,Solr?d Strand,,,Danmark provins
DK,A,5,2690,Karlslunde,,,Danmark provins
DK,A,5,2700,Br?nsh?j,,,Danmark provins
DK,A,5,2720,Vanl?se,,,Danmark provins
DK,A,5,2730,Herlev,,,Danmark provins
DK,A,5,2740,Skovlunde,,,Danmark provins
DK,A,5,2750,Ballerup,,,Danmark provins
DK,A,5,2760,M?l?v,,,Danmark provins
DK,A,5,2765,Sm?rum,,,Danmark provins
DK,A,4,2770,Kastrup,,,Danmark provins
DK,A,4,2791,Drag?r,,,Danmark provins
DK,A,5,2800,Kongens Lyngby,,,Danmark provins
DK,A,5,2820,Gentofte,,,Danmark provins
DK,A,5,2830,Virum,,,Danmark provins
DK,A,5,2840,Holte,,,Danmark provins
DK,A,5,2850,N?rum,,,Danmark provins
DK,A,5,2860,S?borg,,,Danmark provins
DK,A,5,2870,Dysseg?rd,,,Danmark provins
DK,A,5,2880,Bagsv?rd,,,Danmark provins
DK,A,5,2900,Hellerup,,,Danmark provins
DK,A,5,2920,Charlottenlund,,,Danmark provins
DK,A,5,2930,Klampenborg,,,Danmark provins
DK,A,5,2942,Skodsborg,,,Danmark provins
DK,A,5,2950,Vedb?k,,,Danmark provins
DK,A,5,2960,Rungsted Kyst,,,Danmark provins
DK,A,5,2970,H?rsholm,,,Danmark provins
DK,A,5,2980,Kokkedal,,,Danmark provins
DK,A,5,2990,Niv?,,,Danmark provins
DK,A,6,3000,Helsing?r,,,Danmark provins
DK,A,6,3050,Humleb?k,,,Danmark provins
DK,A,6,3060,Esperg?rde,,,Danmark provins
DK,A,6,3070,Snekkersten,,,Danmark provins
DK,A,6,3080,Tik?b,,,Danmark provins
DK,A,6,3100,Hornb?k,,,Danmark provins
DK,A,6,3120,Dronningm?lle,,,Danmark provins
DK,A,6,3140,lsg?rde,,,Danmark provins
DK,A,6,3150,Helleb?k,,,Danmark provins
DK,A,6,3200,Helsinge,,,Danmark provins
DK,A,6,3210,Vejby,,,Danmark provins
DK,A,6,3220,Tisvildeleje,,,Danmark provins
DK,A,6,3230,Gr?sted,,,Danmark provins
DK,A,6,3250,Gilleleje,,,Danmark provins
DK,A,6,3300,Frederiksv?rk,,,Danmark provins
DK,A,6,3310,?lsted,,,Danmark provins
DK,A,6,3320,Sk?vinge,,,Danmark provins
DK,A,6,3330,G?rl?se,,,Danmark provins
DK,A,6,3360,Liseleje,,,Danmark provins
DK,A,6,3370,Melby,,,Danmark provins
DK,A,6,3390,Hundested,,,Danmark provins
DK,A,6,3400,Hiller?d,,,Danmark provins
DK,A,6,3450,Aller?d,,,Danmark provins
DK,A,6,3460,Birker?d,,,Danmark provins
DK,A,6,3480,Fredensborg,,,Danmark provins
DK,A,6,3490,Kvistg?rd,,,Danmark provins
DK,A,6,3500,V?rl?se,,,Danmark provins
DK,A,6,3520,Farum,,,Danmark provins
DK,A,6,3540,Lynge,,,Danmark provins
DK,A,6,3550,Slangerup,,,Danmark provins
DK,A,6,3600,Frederikssund,,,Danmark provins
DK,A,6,3630,J?gerspris,,,Danmark provins
DK,A,6,3650,?lstykke,,,Danmark provins
DK,A,6,3660,Stenl?se,,,Danmark provins
DK,A,6,3670,Veks? Sj?lland,,,Danmark provins
DK,A,6,3700,R?nne,,,Danmark provins
DK,A,6,3720,Aakirkeby,,,Danmark provins
DK,A,6,3730,Nex?,,,Danmark provins
DK,A,6,3740,Svaneke,,,Danmark provins
DK,A,6,3751,?stermarie,,,Danmark provins
DK,A,6,3760,Gudhjem,,,Danmark provins
DK,A,6,3770,Allinge,,,Danmark provins
DK,A,6,3782,Klemensker,,,Danmark provins
DK,A,6,3790,Hasle,,,Danmark provins
DK,A,6,3900,Nuuk,,,Gr?nland
DK,A,6,3905,Nuussuaq,,,Gr?nland
DK,A,6,3910,Kangerlussuaq,,,Gr?nland
DK,A,6,3911,Sisimiut,,,Gr?nland
DK,A,6,3912,Maniitsoq,,,Gr?nland
DK,A,6,3913,Tasiilaq,,,Gr?nland
DK,A,6,3915,Kulusuk,,,Gr?nland
DK,A,6,3919,Alluitsup Paa,,,Gr?nland
DK,A,6,3920,Qaqortoq,,,Gr?nland
DK,A,6,3921,Narsaq,,,Gr?nland
DK,A,6,3922,Nanortalik,,,Gr?nland
DK,A,6,3923,Narsarsuaq,,,Gr?nland
DK,A,6,3924,Ikerasassuaq,,,Gr?nland
DK,A,6,3930,Kangilinnguit,,,Gr?nland
DK,A,6,3932,Arsuk,,,Gr?nland
DK,A,6,3940,Paamiut,,,Gr?nland
DK,A,6,3950,Aasiaat,,,Gr?nland
DK,A,6,3951,Qasigiannguit,,,Gr?nland
DK,A,6,3952,Ilulissat,,,Gr?nland
DK,A,6,3953,Qeqertarsuaq,,,Gr?nland
DK,A,6,3955,Kangaatsiaq,,,Gr?nland
DK,A,6,3961,Uummannaq,,,Gr?nland
DK,A,6,3962,Upernavik,,,Gr?nland
DK,A,6,3964,Qaarsut,,,Gr?nland
DK,A,6,3970,Pituffik,,,Gr?nland
DK,A,6,3971,Qaanaaq,,,Gr?nland
DK,A,6,3972,Staon Nord,,,Gr?nland
DK,A,6,3980,Ioqqortoormiit,,,Gr?nland
DK,A,6,3982,Mestersvig,,,Gr?nland
DK,A,6,3984,Danmarkshavn,,,Gr?nland
DK,A,6,3985,Constable Pynt,,,Gr?nland
DK,A,6,3992,Sl?depatruljen Sirius,,,Gr?nland
DK,A,7,4000,Roskilde,,,Danmark provins
DK,A,7,4030,Tune,,,Danmark provins
DK,A,7,4040,Jyllinge,,,Danmark provins
DK,A,7,4050,Skibby,,,Danmark provins
DK,A,7,4060,Kirke S?by,,,Danmark provins
DK,A,7,4070,Kirke Hyllinge,,,Danmark provins
DK,B,1,4100,Ringsted,,,Danmark provins
DK,B,1,4129,Ringsted,"	
Ufrankerede svarforsendelser",,Danmark provins
DK,B,1,4130,Viby Sj?lland,,,Danmark provins
DK,B,1,4140,Borup,,,Danmark provins
DK,B,1,4160,Herlufmagle,,,Danmark provins
DK,B,1,4171,Glums?,,,Danmark provins
DK,B,1,4173,Fjenneslev,,,Danmark provins
DK,B,1,4174,Jystrup Midtsj,,,Danmark provins
DK,B,1,4180,Sor?,,,Danmark provins
DK,B,1,4190,Munke Bjergby,,,Danmark provins
DK,B,1,4200,Slagelse,,,Danmark provins
DK,B,1,4220,Kors?r,,,Danmark provins
DK,B,1,4230,Sk?lsk?r,,,Danmark provins
DK,B,1,4241,Vemmelev,,,Danmark provins
DK,B,1,4242,Boeslunde,,,Danmark provins
DK,B,1,4243,Rude,,,Danmark provins
DK,B,1,4244,Agers?,"	
Ufrankerede svarforsendelser",,Danmark provins
DK,B,1,4245,Om?,,,Danmark provins
DK,B,1,4250,Fuglebjerg,,,Danmark provins
DK,B,1,4261,Dalmose,,,Danmark provins
DK,B,1,4262,Sandved,,,Danmark provins
DK,B,1,4270,H?ng,,,Danmark provins
DK,B,1,4281,G?rlev,,,Danmark provins
DK,B,1,4291,Ruds Vedby,,,Danmark provins
DK,B,1,4293,Dianalund,,,Danmark provins
DK,B,1,4295,Stenlille,,,Danmark provins
DK,B,1,4296,Nyrup,,,Danmark provins
DK,B,2,4300,Holb?k,,,Danmark provins
DK,B,2,4305,Or?,,,Danmark provins
DK,B,2,4320,Lejre,,,Danmark provins
DK,B,2,4330,Hvals?,,,Danmark provins
DK,B,2,4340,T?ll?se,,,Danmark provins
DK,B,2,4350,Ugerl?se,,,Danmark provins
DK,B,2,4360,Kirke Eskilstrup,,,Danmark provins
DK,B,2,4370,Store Merl?se,,,Danmark provins
DK,B,2,4390,Vipper?d,,,Danmark provins
DK,B,2,4400,Kalundborg,,,Danmark provins
DK,B,2,4420,Regstrup,,,Danmark provins
DK,B,2,4440,M?rk?v,,,Danmark provins
DK,B,2,4450,Jyderup,,,Danmark provins
DK,B,2,4460,Snertinge,,,Danmark provins
DK,B,2,4470,Sveb?lle,,,Danmark provins
DK,B,2,4480,Store Fuglede,,,Danmark provins
DK,B,2,4490,Jerslev Sj?lland,,,Danmark provins
DK,B,2,4500,Nyk?bing S,,,Danmark provins
DK,B,2,4520,Svinninge,,,Danmark provins
DK,B,2,4532,Gislinge,,,Danmark provins
DK,B,2,4534,H?rve,,,Danmark provins
DK,B,2,4540,F?revejle,,,Danmark provins
DK,B,2,4550,Asn?s,,,Danmark provins
DK,B,2,4560,Vig,,,Danmark provins
DK,B,2,4571,Grevinge,,,Danmark provins
DK,B,2,4572,N?rre Asmindrup,,,Danmark provins
DK,B,2,4573,H?jby,,,Danmark provins
DK,B,2,4581,R?rvig,,,Danmark provins
DK,B,2,4583,Sj?llands Odde,,,Danmark provins
DK,B,2,4591,F?llenslev,,,Danmark provins
DK,B,2,4592,Sejer?,,,Danmark provins
DK,B,2,4593,Eskebjerg,,,Danmark provins
DK,A,8,4600,K?ge,,,Danmark provins
DK,A,8,4621,Gadstrup,,,Danmark provins
DK,A,8,4622,Havdrup,,,Danmark provins
DK,A,8,4623,Lille Skensved,,,Danmark provins
DK,A,8,4632,Bj?verskov,,,Danmark provins
DK,A,8,4640,Fakse,,,Danmark provins
DK,A,8,4652,H?rlev,,,Danmark provins
DK,A,8,4653,Karise,,,Danmark provins
DK,A,8,4654,Fakse Ladeplads,,,Danmark provins
DK,A,8,4660,Store Heddinge,,,Danmark provins
DK,A,8,4671,Str?by,,,Danmark provins
DK,A,8,4672,Klippinge,,,Danmark provins
DK,A,8,4673,R?dvig Stevns,,,Danmark provins
DK,A,8,4681,Herf?lge,,,Danmark provins
DK,A,8,4682,Tureby,,,Danmark provins
DK,A,8,4683,R?nnede,,,Danmark provins
DK,A,8,4684,Holmegaard,,,Danmark provins
DK,A,8,4690,Haslev,,,Danmark provins
DK,B,3,4700,N?stved,,,Danmark provins
DK,B,3,4720,Pr?st?,,,Danmark provins
DK,B,3,4733,Tappern?je,,,Danmark provins
DK,B,3,4735,Mern,,,Danmark provins
DK,B,3,4736,Karreb?ksminde,,,Danmark provins
DK,B,3,4750,Lundby,,,Danmark provins
DK,B,3,4760,Vordingborg,,,Danmark provins
DK,B,3,4771,Kalvehave,,,Danmark provins
DK,B,3,4772,Langeb?k,,,Danmark provins
DK,B,3,4773,Stensved,,,Danmark provins
DK,B,3,4780,Stege,,,Danmark provins
DK,B,3,4791,Borre,,,Danmark provins
DK,B,3,4792,Askeby,,,Danmark provins
DK,B,3,4793,Bog? By,,,Danmark provins
DK,B,3,4800,Nyk?bing F,,,Danmark provins
DK,B,3,4840,N?rre Alslev,,,Danmark provins
DK,B,3,4850,Stubbek?bing,,,Danmark provins
DK,B,3,4862,Guldborg,,,Danmark provins
DK,B,3,4863,Eskilstrup,,,Danmark provins
DK,B,3,4871,Horbelev,,,Danmark provins
DK,B,3,4872,Idestrup,,,Danmark provins
DK,B,3,4873,V?ggerl?se,,,Danmark provins
DK,B,3,4874,Gedser,,,Danmark provins
DK,B,3,4880,Nysted,,,Danmark provins
DK,B,3,4891,Toreby L,,,Danmark provins
DK,B,3,4892,Kettinge,,,Danmark provins
DK,B,3,4894,?ster Ulslev,,,Danmark provins
DK,B,3,4895,Errindlev,,,Danmark provins
DK,B,3,4900,Nakskov,,,Danmark provins
DK,B,3,4912,Harpelunde,,,Danmark provins
DK,B,3,4913,Horslunde,,,Danmark provins
DK,B,3,4920,S?llested,,,Danmark provins
DK,B,3,4930,Maribo,,,Danmark provins
DK,B,3,4941,Bandholm,,,Danmark provins
DK,B,3,4942,Ask? og Lille?,,,Danmark provins
DK,B,3,4943,Torrig L,,,Danmark provins
DK,B,3,4944,Fej?,,,Danmark provins
DK,B,3,4945,Fem?,,,Danmark provins
DK,B,3,4951,N?rreballe,,,Danmark provins
DK,B,3,4952,Stokkemarke,,,Danmark provins
DK,B,3,4953,Vesterborg,,,Danmark provins
DK,B,3,4960,Holeby,,,Danmark provins
DK,B,3,4970,R?dby,,,Danmark provins
DK,B,3,4983,Dannemare,,,Danmark provins
DK,B,3,4990,Saksk?bing,,,Danmark provins
DK,B,3,4992,Midtsj?lland USF P,Ufrankerede svarforsendelser,,Danmark provins
DK,C,1,5000,Odense C,,,Danmark provins
DK,C,1,5029,Odense C,Ufrankerede svarforsendelser,,Danmark provins
DK,C,1,5100,Odense C,Postboks,,Danmark provins
DK,C,1,5200,Odense V,,,Danmark provins
DK,C,1,5210,Odense NV,,,Danmark provins
DK,C,1,5220,Odense S?,,,Danmark provins
DK,C,1,5230,Odense M,,,Danmark provins
DK,C,1,5240,Odense N?,,,Danmark provins
DK,C,1,5250,Odense SV,,,Danmark provins
DK,C,1,5260,Odense S,,,Danmark provins
DK,C,1,5270,Odense N,,,Danmark provins
DK,C,1,5290,Marslev,,,Danmark provins
DK,C,1,5300,Kerteminde,,,Danmark provins
DK,C,1,5320,Agedrup,,,Danmark provins
DK,C,1,5330,Munkebo,,,Danmark provins
DK,C,1,5350,Rynkeby,,,Danmark provins
DK,C,1,5370,Mesinge,,,Danmark provins
DK,C,1,5380,Dalby,,,Danmark provins
DK,C,1,5390,Martofte,,,Danmark provins
DK,C,1,5400,Bogense,,,Danmark provins
DK,C,1,5450,Otterup,,,Danmark provins
DK,C,1,5462,Morud,,,Danmark provins
DK,C,1,5463,Harndrup,,,Danmark provins
DK,C,1,5464,Brenderup Fyn,,,Danmark provins
DK,C,1,5466,Asperup,,,Danmark provins
DK,C,1,5471,S?nders?,,,Danmark provins
DK,C,1,5474,Veflinge,,,Danmark provins
DK,C,1,5485,Skamby,,,Danmark provins
DK,C,1,5491,Blommenslyst,,,Danmark provins
DK,C,1,5492,Vissenbjerg,,,Danmark provins
DK,C,1,5500,Middelfart,,,Danmark provins
DK,C,1,5540,Ullerslev,,,Danmark provins
DK,C,1,5550,Langeskov,,,Danmark provins
DK,C,1,5560,Aarup,,,Danmark provins
DK,C,1,5580,N?rre Aaby,,,Danmark provins
DK,C,1,5591,Gelsted,,,Danmark provins
DK,C,1,5592,Ejby,,,Danmark provins
DK,C,1,5600,Faaborg,,,Danmark provins
DK,C,1,5603,Bj?rn?,,,Danmark provins
DK,C,1,5610,Assens,,,Danmark provins
DK,C,1,5620,Glamsbjerg,,,Danmark provins
DK,C,1,5631,Ebberup,,,Danmark provins
DK,C,1,5642,Millinge,,,Danmark provins
DK,C,1,5672,Broby,,,Danmark provins
DK,C,1,5683,Haarby,,,Danmark provins
DK,C,1,5690,Tommerup,,,Danmark provins
DK,C,1,5700,Svendborg,,,Danmark provins
DK,C,1,5750,Ringe,,,Danmark provins
DK,C,1,5762,Vester Skerninge,,,Danmark provins
DK,C,1,5771,Stenstrup,,,Danmark provins
DK,C,1,5772,Kv?rndrup,,,Danmark provins
DK,C,1,5792,rslev,,,Danmark provins
DK,C,1,5800,Nyborg,,,Danmark provins
DK,C,1,5853,?rb?k,,,Danmark provins
DK,C,1,5854,Gislev,,,Danmark provins
DK,C,1,5856,Ryslinge,,,Danmark provins
DK,C,1,5863,Ferritslev Fyn,,,Danmark provins
DK,C,1,5871,Fr?rup,,,Danmark provins
DK,C,1,5874,Hesselager,,,Danmark provins
DK,C,1,5881,Sk?rup Fyn,,,Danmark provins
DK,C,1,5882,Vejstrup,,,Danmark provins
DK,C,1,5883,Oure,,,Danmark provins
DK,C,1,5884,Gudme,,,Danmark provins
DK,C,1,5892,Gudbjerg Sydfyn,,,Danmark provins
DK,C,1,5900,Rudk?bing,,,Danmark provins
DK,C,1,5932,Humble,,,Danmark provins
DK,C,1,5935,Bagenkop,,,Danmark provins
DK,C,1,5943,Stryn?,,,Danmark provins
DK,C,1,5953,Tranek?r,,,Danmark provins
DK,C,1,5960,Marstal,,,Danmark provins
DK,C,1,5970,?r?sk?bing,,,Danmark provins
DK,C,1,5985,S?by ?r?,,,Danmark provins
DK,D,1,6000,Kolding,,,Danmark provins
DK,D,1,6040,Egtved,,,Danmark provins
DK,D,1,6051,Almind,,,Danmark provins
DK,D,1,6052,Viuf,,,Danmark provins
DK,D,1,6064,Jordrup,,,Danmark provins
DK,D,1,6070,Christiansfeld,,,Danmark provins
DK,D,1,6091,Bjert,,,Danmark provins
DK,D,1,6092,S?nder Stenderup,,,Danmark provins
DK,D,1,6093,Sj?lund,,,Danmark provins
DK,D,1,6094,Hejls,,,Danmark provins
DK,D,1,6100,Haderslev,,,Danmark provins
DK,D,1,6200,Aabenraa,,,Danmark provins
DK,D,1,6210,Bars?,,,Danmark provins
DK,D,1,6230,R?dekro,,,Danmark provins
DK,D,1,6240,L?gumkloster,,,Danmark provins
DK,D,1,6261,Bredebro,,,Danmark provins
DK,D,1,6270,T?nder,,,Danmark provins
DK,D,1,6280,H?jer,,,Danmark provins
DK,D,1,6300,Gr?sten,,,Danmark provins
DK,D,1,6310,Broager,,,Danmark provins
DK,D,1,6320,Egernsund,,,Danmark provins
DK,D,1,6330,Padborg,,,Danmark provins
DK,D,1,6340,Krus?,,,Danmark provins
DK,D,1,6360,Tinglev,,,Danmark provins
DK,D,1,6372,Bylderup Bov,,,Danmark provins
DK,D,1,6392,Bolderslev,,,Danmark provins
DK,D,1,6400,S?nderborg,,,Danmark provins
DK,D,1,6430,Nordborg,,,Danmark provins
DK,D,1,6440,Augustenborg,,,Danmark provins
DK,D,1,6470,Sydals,,,Danmark provins
DK,D,1,6500,Vojens,,,Danmark provins
DK,D,1,6510,Gram,,,Danmark provins
DK,D,1,6520,Toftlund,,,Danmark provins
DK,D,1,6534,Agerskov,,,Danmark provins
DK,D,1,6535,Branderup J,,,Danmark provins
DK,D,1,6541,Bevtoft,,,Danmark provins
DK,D,1,6560,Sommersted,,,Danmark provins
DK,D,1,6580,Vamdrup,,,Danmark provins
DK,D,1,6600,Vejen,,,Danmark provins
DK,D,1,6621,Gesten,,,Danmark provins
DK,D,1,6622,B?kke,,,Danmark provins
DK,D,1,6623,Vorbasse,,,Danmark provins
DK,D,1,6630,R?dding,,,Danmark provins
DK,D,1,6640,Lunderskov,,,Danmark provins
DK,D,1,6650,Br?rup,,,Danmark provins
DK,D,1,6660,Lintrup,,,Danmark provins
DK,D,1,6670,Holsted,,,Danmark provins
DK,D,1,6682,Hovborg,,,Danmark provins
DK,D,1,6683,F?vling,,,Danmark provins
DK,D,1,6690,G?rding,,,Danmark provins
DK,D,1,6700,Esbjerg,,,Danmark provins
DK,D,1,6701,Esbjerg,Postboks,,Danmark provins
DK,D,1,6705,Esbjerg ?,,,Danmark provins
DK,D,1,6710,Esbjerg V,,,Danmark provins
DK,D,1,6715,Esbjerg N,,,Danmark provins
DK,D,1,6720,Fan?,,,Danmark provins
DK,D,1,6731,Tj?reborg,,,Danmark provins
DK,D,1,6740,Bramming,,,Danmark provins
DK,D,1,6752,Glejbjerg,,,Danmark provins
DK,D,1,6753,Agerb?k,,,Danmark provins
DK,D,1,6760,Ribe,,,Danmark provins
DK,D,1,6771,Gredstedbro,,,Danmark provins
DK,D,1,6780,Sk?rb?k,,,Danmark provins
DK,D,1,6792,R?m?,,,Danmark provins
DK,D,1,6800,Varde,,,Danmark provins
DK,D,1,6818,rre,,,Danmark provins
DK,D,1,6823,Ansager,,,Danmark provins
DK,D,1,6830,N?rre Nebel,,,Danmark provins
DK,D,1,6840,Oksb?l,,,Danmark provins
DK,D,1,6851,Janderup Vestj,,,Danmark provins
DK,D,1,6852,Billum,,,Danmark provins
DK,D,1,6853,Vejers Strand,,,Danmark provins
DK,D,1,6854,Henne,,,Danmark provins
DK,D,1,6855,Outrup,,,Danmark provins
DK,D,1,6857,Bl?vand,,,Danmark provins
DK,D,1,6862,Tistrup,,,Danmark provins
DK,D,1,6870,?lgod,,,Danmark provins
DK,D,1,6880,Tarm,,,Danmark provins
DK,D,1,6893,Hemmet,,,Danmark provins
DK,D,1,6900,Skjern,,,Danmark provins
DK,D,1,6920,Videb?k,,,Danmark provins
DK,D,1,6933,Kib?k,,,Danmark provins
DK,D,1,6940,Lem St,,,Danmark provins
DK,D,1,6950,Ringk?bing,,,Danmark provins
DK,D,1,6960,Hvide Sande,,,Danmark provins
DK,D,1,6971,Spjald,,,Danmark provins
DK,D,1,6973,?rnh?j,,,Danmark provins
DK,D,1,6980,Tim,,,Danmark provins
DK,D,1,6990,Ulfborg,,,Danmark provins
DK,D,1,7000,Fredericia,,,Danmark provins
DK,D,1,7007,Fredericia,,Sydjyllands Postcenter + erhvervskunder,Danmark provins
DK,D,1,7017,Taulov Pakkecenter,,(Returpakker),Danmark provins
DK,D,1,7018,Pakker TLP,,(Returpakker),Danmark provins
DK,D,1,7029,Fredericia,Ufrankerede svarforsendelser,,Danmark provins
DK,D,1,7080,B?rkop,,,Danmark provins
DK,D,1,7100,Vejle,,,Danmark provins
DK,D,1,7120,Vejle ?st,,,Danmark provins
DK,D,1,7130,Juelsminde,,,Danmark provins
DK,D,1,7140,Stouby,,,Danmark provins
DK,D,1,7150,Barrit,,,Danmark provins
DK,D,1,7160,T?rring,,,Danmark provins
DK,D,1,7171,Uldum,,,Danmark provins
DK,D,1,7173,Vonge,,,Danmark provins
DK,D,1,7182,Bredsten,,,Danmark provins
DK,D,1,7183,Randb?l,,,Danmark provins
DK,D,1,7184,Vandel,,,Danmark provins
DK,D,1,7190,Billund,,,Danmark provins
DK,D,1,7200,Grindsted,,,Danmark provins
DK,D,1,7250,Hejnsvig,,,Danmark provins
DK,D,1,7260,S?nder Omme,,,Danmark provins
DK,D,1,7270,Stakroge,,,Danmark provins
DK,D,1,7280,S?nder Felding,,,Danmark provins
DK,D,1,7300,Jelling,,,Danmark provins
DK,D,1,7321,Gadbjerg,,,Danmark provins
DK,D,1,7323,Give,,,Danmark provins
DK,D,1,7330,Brande,,,Danmark provins
DK,D,1,7361,Ejstrupholm,,,Danmark provins
DK,D,1,7362,Hampen,,,Danmark provins
DK,E,1,7400,Herning,,,Danmark provins
DK,E,1,7429,Herning,Ufrankerede svarforsendelser,,Danmark provins
DK,E,1,7430,Ikast,,,Danmark provins
DK,E,1,7441,Bording,,,Danmark provins
DK,E,1,7442,Engesvang,,,Danmark provins
DK,E,1,7451,Sunds,,,Danmark provins
DK,E,1,7470,Karup J,,,Danmark provins
DK,E,1,7480,Vildbjerg,,,Danmark provins
DK,E,1,7490,Aulum,,,Danmark provins
DK,E,1,7500,Holstebro,,,Danmark provins
DK,E,1,7540,Haderup,,,Danmark provins
DK,E,1,7550,S?rvad,,,Danmark provins
DK,E,1,7560,Hjerm,,,Danmark provins
DK,E,1,7570,Vemb,,,Danmark provins
DK,E,1,7600,Struer,,,Danmark provins
DK,E,1,7620,Lemvig,,,Danmark provins
DK,E,1,7650,B?vlingbjerg,,,Danmark provins
DK,E,1,7660,B?kmarksbro,,,Danmark provins
DK,E,1,7673,Harbo?re,,,Danmark provins
DK,E,1,7680,Thybor?n,,,Danmark provins
DK,E,1,7700,Thisted,,,Danmark provins
DK,E,1,7730,Hanstholm,,,Danmark provins
DK,E,1,7741,Fr?strup,,,Danmark provins
DK,E,1,7742,Vesl?s,,,Danmark provins
DK,E,1,7752,Snedsted,,,Danmark provins
DK,E,1,7755,Bedsted Thy,,,Danmark provins
DK,E,1,7760,Hurup Thy,,,Danmark provins
DK,E,1,7770,Vestervig,,,Danmark provins
DK,E,1,7790,Thyholm,,,Danmark provins
DK,E,1,7800,Skive,,,Danmark provins
DK,E,1,7830,Vinderup,,,Danmark provins
DK,E,1,7840,H?jslev,,,Danmark provins
DK,E,1,7850,Stoholm Jyll,,,Danmark provins
DK,E,1,7860,Sp?ttrup,,,Danmark provins
DK,E,1,7870,Roslev,,,Danmark provins
DK,E,1,7884,Fur,,,Danmark provins
DK,E,1,7900,Nyk?bing M,,,Danmark provins
DK,E,1,7950,Erslev,,,Danmark provins
DK,E,1,7960,Karby,,,Danmark provins
DK,E,1,7970,Redsted M,,,Danmark provins
DK,E,1,7980,Vils,,,Danmark provins
DK,E,1,7990,?ster Assels,,,Danmark provins
DK,E,1,7992,Sydjylland/Fyn USF P,Ufrankerede svarforsendelser,,Danmark provins
DK,E,1,7993,Sydjylland/Fyn USF B,Ufrankerede svarforsendelser,,Danmark provins
DK,F,1,8000,Aarhus C,,,Danmark provins
DK,F,1,8100,Aarhus C,Postboks,,Danmark provins
DK,F,1,8200,Aarhus N,,,Danmark provins
DK,F,1,8210,Aarhus V,,,Danmark provins
DK,F,1,8220,Brabrand,,,Danmark provins
DK,F,1,8229,Risskov ?,Ufrankerede svarforsendelser,,Danmark provins
DK,F,1,8230,byh?j,,,Danmark provins
DK,F,1,8240,Risskov,,,Danmark provins
DK,F,1,8245,Risskov ?,,?stjyllands Postcenter + erhvervskunder,Danmark provins
DK,F,1,8250,Eg?,,,Danmark provins
DK,F,1,8260,Viby J,,,Danmark provins
DK,F,1,8270,H?jbjerg,,,Danmark provins
DK,F,1,8300,Odder,,,Danmark provins
DK,F,1,8305,Sams?,,,Danmark provins
DK,F,1,8310,Tranbjerg J,,,Danmark provins
DK,F,1,8320,M?rslet,,,Danmark provins
DK,F,1,8330,Beder,,,Danmark provins
DK,F,1,8340,Malling,,,Danmark provins
DK,F,1,8350,Hundslund,,,Danmark provins
DK,F,1,8355,Solbjerg,,,Danmark provins
DK,F,1,8361,Hasselager,,,Danmark provins
DK,F,1,8362,H?rning,,,Danmark provins
DK,F,1,8370,Hadsten,,,Danmark provins
DK,F,1,8380,Trige,,,Danmark provins
DK,F,1,8381,Tilst,,,Danmark provins
DK,F,1,8382,Hinnerup,,,Danmark provins
DK,F,1,8400,Ebeltoft,,,Danmark provins
DK,F,1,8410,R?nde,,,Danmark provins
DK,F,1,8420,Knebel,,,Danmark provins
DK,F,1,8444,Balle,,,Danmark provins
DK,F,1,8450,Hammel,,,Danmark provins
DK,F,1,8462,Harlev J,,,Danmark provins
DK,F,1,8464,Galten,,,Danmark provins
DK,F,1,8471,Sabro,,,Danmark provins
DK,F,1,8472,Sporup,,,Danmark provins
DK,F,1,8500,Grenaa,,,Danmark provins
DK,F,1,8520,Lystrup,,,Danmark provins
DK,F,1,8530,Hjortsh?j,,,Danmark provins
DK,F,1,8541,Sk?dstrup,,,Danmark provins
DK,F,1,8543,Hornslet,,,Danmark provins
DK,F,1,8544,M?rke,,,Danmark provins
DK,F,1,8550,Ryomg?rd,,,Danmark provins
DK,F,1,8560,Kolind,,,Danmark provins
DK,F,1,8570,Trustrup,,,Danmark provins
DK,F,1,8581,Nimtofte,,,Danmark provins
DK,F,1,8585,Glesborg,,,Danmark provins
DK,F,1,8586,?rum Djurs,,,Danmark provins
DK,F,1,8592,Anholt,,,Danmark provins
DK,F,1,8600,Silkeborg,,,Danmark provins
DK,F,1,8620,Kjellerup,,,Danmark provins
DK,F,1,8632,Lemming,,,Danmark provins
DK,F,1,8641,Sorring,,,Danmark provins
DK,F,1,8643,Ans By,,,Danmark provins
DK,F,1,8653,Them,,,Danmark provins
DK,F,1,8654,Bryrup,,,Danmark provins
DK,F,1,8660,Skanderborg,,,Danmark provins
DK,F,1,8670,L?sby,,,Danmark provins
DK,F,1,8680,Ry,,,Danmark provins
DK,F,1,8686,FDF Landslejr,,,Danmark provins
DK,F,1,8700,Horsens,,,Danmark provins
DK,F,1,8721,Daug?rd,,,Danmark provins
DK,F,1,8722,Hedensted,,,Danmark provins
DK,F,1,8723,L?sning,,,Danmark provins
DK,F,1,8732,Hovedg?rd,,,Danmark provins
DK,F,1,8740,Br?dstrup,,,Danmark provins
DK,F,1,8751,Gedved,,,Danmark provins
DK,F,1,8752,?stbirk,,,Danmark provins
DK,F,1,8762,Flemming,,,Danmark provins
DK,F,1,8763,Rask M?lle,,,Danmark provins
DK,F,1,8765,Klovborg,,,Danmark provins
DK,F,1,8766,N?rre Snede,,,Danmark provins
DK,F,1,8781,Stenderup,,,Danmark provins
DK,F,1,8783,Hornsyld,,,Danmark provins
DK,F,1,8800,Viborg,,,Danmark provins
DK,F,1,8830,Tjele,,,Danmark provins
DK,F,1,8831,L?gstrup,,,Danmark provins
DK,F,1,8832,Skals,,,Danmark provins
DK,F,1,8840,R?dk?rsbro,,,Danmark provins
DK,F,1,8850,Bjerringbro,,,Danmark provins
DK,F,1,8860,Ulstrup,,,Danmark provins
DK,F,1,8870,Lang?,,,Danmark provins
DK,F,1,8881,Thors?,,,Danmark provins
DK,F,1,8882,F?rvang,,,Danmark provins
DK,F,1,8883,Gjern,,,Danmark provins
DK,F,1,8900,Randers C,,,Danmark provins
DK,F,1,8920,Randers NV,,,Danmark provins
DK,F,1,8930,Randers N?,,,Danmark provins
DK,F,1,8940,Randers SV,,,Danmark provins
DK,F,1,8950,?rsted,,,Danmark provins
DK,F,1,8960,Randers S?,,,Danmark provins
DK,F,1,8961,Alling?bro,,,Danmark provins
DK,F,1,8963,Auning,,,Danmark provins
DK,F,1,8970,Havndal,,,Danmark provins
DK,F,1,8981,Spentrup,,,Danmark provins
DK,F,1,8983,Gjerlev J,,,Danmark provins
DK,F,1,8990,F?rup,,,Danmark provins
DK,G,1,9000,Aalborg,,,Danmark provins
DK,G,1,9029,Aalborg,Ufrankerede svarforsendelser,,Danmark provins
DK,G,1,9100,Aalborg,Postboks,,Danmark provins
DK,G,1,9200,Aalborg SV,,,Danmark provins
DK,G,1,9210,Aalborg S?,,,Danmark provins
DK,G,1,9220,Aalborg ?st,,,Danmark provins
DK,G,1,9230,Svenstrup J,,,Danmark provins
DK,G,1,9240,Nibe,,,Danmark provins
DK,G,1,9260,Gistrup,,,Danmark provins
DK,G,1,9270,Klarup,,,Danmark provins
DK,G,1,9280,Storvorde,,,Danmark provins
DK,G,1,9293,Kongerslev,,,Danmark provins
DK,G,1,9300,S?by,,,Danmark provins
DK,G,1,9310,Vodskov,,,Danmark provins
DK,G,1,9320,Hjallerup,,,Danmark provins
DK,G,1,9330,Dronninglund,,,Danmark provins
DK,G,1,9340,Asaa,,,Danmark provins
DK,G,1,9352,Dybvad,,,Danmark provins
DK,G,1,9362,Gandrup,,,Danmark provins
DK,G,1,9370,Hals,,,Danmark provins
DK,G,1,9380,Vestbjerg,,,Danmark provins
DK,G,1,9381,Sulsted,,,Danmark provins
DK,G,1,9382,Tylstrup,,,Danmark provins
DK,G,1,9400,N?rresundby,,,Danmark provins
DK,G,1,9430,Vadum,,,Danmark provins
DK,G,1,9440,Aabybro,,,Danmark provins
DK,G,1,9460,Brovst,,,Danmark provins
DK,G,1,9480,L?kken,,,Danmark provins
DK,G,1,9490,Pandrup,,,Danmark provins
DK,G,1,9492,Blokhus,,,Danmark provins
DK,G,1,9493,Saltum,,,Danmark provins
DK,G,1,9500,Hobro,,,Danmark provins
DK,G,1,9510,Arden,,,Danmark provins
DK,G,1,9520,Sk?rping,,,Danmark provins
DK,G,1,9530,St?vring,,,Danmark provins
DK,G,1,9541,Suldrup,,,Danmark provins
DK,G,1,9550,Mariager,,,Danmark provins
DK,G,1,9560,Hadsund,,,Danmark provins
DK,G,1,9574,B?lum,,,Danmark provins
DK,G,1,9575,Terndrup,,,Danmark provins
DK,G,1,9600,Aars,,,Danmark provins
DK,G,1,9610,N?rager,,,Danmark provins
DK,G,1,9620,Aalestrup,,,Danmark provins
DK,G,1,9631,Gedsted,,,Danmark provins
DK,G,1,9632,M?ldrup,,,Danmark provins
DK,G,1,9640,Fars?,,,Danmark provins
DK,G,1,9670,L?gst?r,,,Danmark provins
DK,G,1,9681,Ranum,,,Danmark provins
DK,G,1,9690,Fjerritslev,,,Danmark provins
DK,G,1,9700,Br?nderslev,,,Danmark provins
DK,G,1,9740,Jerslev J,,,Danmark provins
DK,G,1,9750,?ster Vr?,,,Danmark provins
DK,G,1,9760,Vr?,,,Danmark provins
DK,G,1,9800,Hj?rring,,,Danmark provins
DK,G,1,9830,T?rs,,,Danmark provins
DK,G,1,9850,Hirtshals,,,Danmark provins
DK,G,1,9870,Sindal,,,Danmark provins
DK,G,1,9881,Bindslev,,,Danmark provins
DK,G,1,9900,Frederikshavn,,,Danmark provins
DK,G,1,9940,L?s?,,,Danmark provins
DK,G,1,9970,Strandby,,,Danmark provins
DK,G,1,9981,Jerup,,,Danmark provins
DK,G,1,9982,lb?k,,,Danmark provins
DK,G,1,9990,Skagen,,,Danmark provins
GL,Y,1,3900,Nuuk,,,
GL,Y,1,3905,Nuussuaq,,,
GL,Y,1,3910,Kangerlussuaq,,,
GL,Y,1,3911,Sisimiut,,,
GL,Y,1,3912,Maniitsoq,,,
GL,Y,1,3913,Tasiilaq,,,
GL,Y,1,3915,Kulusuk,,,
GL,Y,1,3919,Alluitsup Paa,,,
GL,Y,1,3920,Qaqortoq,,,
GL,Y,1,3921,Narsaq,,,
GL,Y,1,3922,Nanortalik,,,
GL,Y,1,3923,Narsarsuaq,,,
GL,Y,1,3924,Ikerasassuaq,,,
GL,Y,1,3930,Kangilinnguit,,,
GL,Y,1,3932,Arsuk,,,
GL,Y,1,3940,Paamiut,,,
GL,Y,1,3950,Aasiaat,,,
GL,Y,1,3951,Qasigiannguit,,,
GL,Y,1,3952,Ilulissat,,,
GL,Y,1,3953,Qeqertarsuaq,,,
GL,Y,1,3955,Kangaatsiaq,,,
GL,Y,1,3961,Uummannaq,,,
GL,Y,1,3962,Upernavik,,,
GL,Y,1,3964,Qaarsut,,,
GL,Y,1,3970,Pituffik,,,
GL,Y,1,3971,Qaanaaq,,,
GL,Y,1,3980,Ittoqqortoormiit,,,
GL,Y,1,3984,Danmarkshavn,,,
GL,Y,1,3985,Constable Pynt,,,
GL,Y,1,3992,SIRIUS Sled Patrol,,,
